process.b1.capacity,process.b2.capacity,process.b3.capacity,process.b4.capacity,property.price,property.product,property.winner,verification.time
0,0,2,1,59,1,0,163.316666666667
0,0,2,1,59,2,0,200.86
0,0,2,1,59,4,0,154.888888888889
0,0,2,1,59,6,0,108.64
0,0,2,1,60,1,0,85.4666666666667
0,0,2,1,60,1,3,82.0
0,0,2,1,60,1,4,154.25
0,0,2,1,60,2,0,80.95
0,0,2,1,60,2,3,78.0
0,0,2,1,60,2,4,197.01
0,0,2,1,60,4,0,80.25
0,0,2,1,60,4,3,77.9166666666667
0,0,2,1,60,4,4,144.694444444444
0,0,2,1,60,6,0,88.12
0,0,2,1,60,6,3,78.84
0,0,2,1,60,6,4,78.15
0,0,2,1,69,3,0,112.05
0,0,2,1,69,5,0,322.055555555556
0,0,2,1,70,3,0,87.1
0,0,2,1,70,3,3,97.11
0,0,2,1,70,3,4,80.86
0,0,2,1,70,5,0,194.438888888889
0,0,2,1,70,5,3,378.822222222222
0,0,2,1,70,5,4,207.772222222222
0,1,1,1,59,1,0,646.675
0,1,1,1,59,4,0,564.634615384615
0,1,1,1,59,6,0,248.216666666667
0,1,1,1,60,1,0,578.625
0,1,1,1,60,4,0,523.961538461538
0,1,1,1,60,6,0,90.0
0,1,1,1,60,6,2,94.5833333333333
0,1,1,1,60,6,3,243.516666666667
0,1,1,1,60,6,4,225.05
0,1,1,1,61,1,0,608.2
0,1,1,1,61,4,0,546.346153846154
0,1,1,1,62,1,0,596.475
0,1,1,1,62,4,0,554.115384615385
0,1,1,1,63,1,0,603.65
0,1,1,1,63,4,0,553.769230769231
0,1,1,1,64,1,0,532.8
0,1,1,1,64,4,0,483.461538461538
0,1,1,1,65,1,0,567.975
0,1,1,1,65,4,0,505.961538461538
0,1,1,1,66,1,0,564.3
0,1,1,1,66,4,0,496.173076923077
0,1,1,1,67,1,0,588.9
0,1,1,1,67,4,0,522.634615384615
0,1,1,1,68,1,0,537.075
0,1,1,1,68,4,0,481.653846153846
0,1,1,1,69,1,0,544.05
0,1,1,1,69,3,0,178.4
0,1,1,1,69,4,0,512.346153846154
0,1,1,1,69,5,0,751.1875
0,1,1,1,70,1,0,518.2
0,1,1,1,70,1,2,547.725
0,1,1,1,70,1,3,602.125
0,1,1,1,70,1,4,588.2
0,1,1,1,70,3,0,153.516666666667
0,1,1,1,70,3,2,151.133333333333
0,1,1,1,70,3,3,165.416666666667
0,1,1,1,70,3,4,176.716666666667
0,1,1,1,70,4,0,418.057692307692
0,1,1,1,70,4,2,451.153846153846
0,1,1,1,70,4,3,529.076923076923
0,1,1,1,70,4,4,518.365384615385
0,1,1,1,70,5,0,739.475
0,1,1,1,71,5,0,751.9875
0,1,1,1,72,5,0,740.4125
0,1,1,1,73,5,0,719.45
0,1,1,1,74,5,0,745.5375
0,1,1,1,75,5,0,734.5625
0,1,1,1,76,5,0,752.3
0,1,1,1,77,5,0,725.55
0,1,1,1,78,5,0,742.825
0,1,1,1,79,5,0,723.8125
0,1,1,1,80,5,0,101.7375
0,1,1,1,80,5,2,770.2375
0,1,1,1,80,5,3,770.75
0,1,1,1,80,5,4,106.3375
0,1,2,0,59,1,0,513.233333333333
0,1,2,0,59,2,0,1527.53
0,1,2,0,59,4,0,476.322222222222
0,1,2,0,59,6,0,145.4
0,1,2,0,60,1,0,443.016666666667
0,1,2,0,60,2,0,1137.465
0,1,2,0,60,4,0,419.855555555556
0,1,2,0,60,6,0,91.805
0,1,2,0,60,6,2,85.25
0,1,2,0,60,6,3,134.325
0,1,2,0,61,1,0,462.058333333333
0,1,2,0,61,2,0,1293.665
0,1,2,0,61,4,0,441.838888888889
0,1,2,0,62,1,0,463.708333333333
0,1,2,0,62,2,0,1245.215
0,1,2,0,62,4,0,434.75
0,1,2,0,63,1,0,463.075
0,1,2,0,63,2,0,1290.88
0,1,2,0,63,4,0,455.266666666667
0,1,2,0,64,1,0,389.3
0,1,2,0,64,2,0,991.07
0,1,2,0,64,4,0,362.811111111111
0,1,2,0,65,1,0,411.825
0,1,2,0,65,2,0,1106.455
0,1,2,0,65,4,0,384.338888888889
0,1,2,0,66,1,0,398.483333333333
0,1,2,0,66,2,0,1098.255
0,1,2,0,66,4,0,377.394444444444
0,1,2,0,67,1,0,428.833333333333
0,1,2,0,67,2,0,1236.05
0,1,2,0,67,4,0,417.138888888889
0,1,2,0,68,1,0,395.458333333333
0,1,2,0,68,2,0,917.335
0,1,2,0,68,4,0,363.255555555556
0,1,2,0,69,1,0,412.666666666667
0,1,2,0,69,2,0,1020.25
0,1,2,0,69,3,0,109.71
0,1,2,0,69,4,0,399.277777777778
0,1,2,0,70,1,0,383.191666666667
0,1,2,0,70,1,2,412.525
0,1,2,0,70,1,3,455.616666666667
0,1,2,0,70,2,0,1013.485
0,1,2,0,70,3,0,101.765
0,1,2,0,70,3,2,94.635
0,1,2,0,70,3,3,99.945
0,1,2,0,70,4,0,348.155555555556
0,1,2,0,70,4,2,375.733333333333
0,1,2,0,70,4,3,429.938888888889
0,1,2,0,71,2,0,1123.56
0,1,2,0,72,2,0,1087.23
0,1,2,0,73,2,0,1260.775
0,1,2,0,74,2,0,1203.43
0,1,2,0,75,2,0,1345.56
0,1,2,0,76,2,0,979.395
0,1,2,0,77,2,0,1127.495
0,1,2,0,78,2,0,1113.075
0,1,2,0,79,2,0,1276.795
0,1,2,0,80,2,0,119.28
0,1,2,0,80,2,2,312.645
0,1,2,0,80,2,3,120.82
0,1,2,1,59,1,0,665.22619047619
0,1,2,1,59,2,0,1716.80714285714
0,1,2,1,59,4,0,585.787037037037
0,1,2,1,59,6,0,256.542857142857
0,1,2,1,60,1,0,616.916666666667
0,1,2,1,60,2,0,1300.96428571429
0,1,2,1,60,4,0,552.861111111111
0,1,2,1,60,6,0,92.2428571428571
0,1,2,1,60,6,2,94.5571428571429
0,1,2,1,60,6,3,249.078571428571
0,1,2,1,60,6,4,228.842857142857
0,1,2,1,61,1,0,640.511904761905
0,1,2,1,61,2,0,1411.16428571429
0,1,2,1,61,4,0,565.703703703704
0,1,2,1,62,1,0,628.72619047619
0,1,2,1,62,2,0,1390.74285714286
0,1,2,1,62,4,0,572.435185185185
0,1,2,1,63,1,0,628.702380952381
0,1,2,1,63,2,0,1417.62857142857
0,1,2,1,63,4,0,571.805555555556
0,1,2,1,64,1,0,560.142857142857
0,1,2,1,64,2,0,1187.63571428571
0,1,2,1,64,4,0,497.407407407407
0,1,2,1,65,1,0,586.333333333333
0,1,2,1,65,2,0,1317.15
0,1,2,1,65,4,0,519.203703703704
0,1,2,1,66,1,0,576.392857142857
0,1,2,1,66,2,0,1299.52857142857
0,1,2,1,66,4,0,516.675925925926
0,1,2,1,67,1,0,598.535714285714
0,1,2,1,67,2,0,1455.37857142857
0,1,2,1,67,4,0,542.074074074074
0,1,2,1,68,1,0,557.428571428571
0,1,2,1,68,2,0,1113.72142857143
0,1,2,1,68,4,0,492.25
0,1,2,1,69,1,0,573.964285714286
0,1,2,1,69,2,0,1208.77857142857
0,1,2,1,69,3,0,184.721428571429
0,1,2,1,69,4,0,522.990740740741
0,1,2,1,69,5,0,763.094444444444
0,1,2,1,70,1,0,528.535714285714
0,1,2,1,70,1,2,577.559523809524
0,1,2,1,70,1,3,630.357142857143
0,1,2,1,70,1,4,607.785714285714
0,1,2,1,70,2,0,1209.72142857143
0,1,2,1,70,3,0,159.65
0,1,2,1,70,3,2,154.2
0,1,2,1,70,3,3,178.55
0,1,2,1,70,3,4,184.578571428571
0,1,2,1,70,4,0,435.490740740741
0,1,2,1,70,4,2,468.87037037037
0,1,2,1,70,4,3,561.685185185185
0,1,2,1,70,4,4,543.657407407407
0,1,2,1,70,5,0,758.116666666667
0,1,2,1,71,2,0,1341.26428571429
0,1,2,1,71,5,0,762.522222222222
0,1,2,1,72,2,0,1276.27857142857
0,1,2,1,72,5,0,744.561111111111
0,1,2,1,73,2,0,1459.33571428571
0,1,2,1,73,5,0,727.566666666667
0,1,2,1,74,2,0,1393.12142857143
0,1,2,1,74,5,0,748.572222222222
0,1,2,1,75,2,0,1550.77857142857
0,1,2,1,75,5,0,735.544444444444
0,1,2,1,76,2,0,1171.97142857143
0,1,2,1,76,5,0,740.777777777778
0,1,2,1,77,2,0,1309.61428571429
0,1,2,1,77,5,0,734.844444444444
0,1,2,1,78,2,0,1316.18571428571
0,1,2,1,78,5,0,736.183333333333
0,1,2,1,79,2,0,1480.92142857143
0,1,2,1,79,5,0,742.344444444444
0,1,2,1,80,2,0,126.507142857143
0,1,2,1,80,2,2,369.978571428571
0,1,2,1,80,2,3,130.664285714286
0,1,2,1,80,2,4,1386.15714285714
0,1,2,1,80,5,0,102.616666666667
0,1,2,1,80,5,2,783.372222222222
0,1,2,1,80,5,3,782.688888888889
0,1,2,1,80,5,4,105.6
0,2,1,0,59,1,0,522.525
0,2,1,0,59,4,0,466.4625
0,2,1,0,59,6,0,144.525
0,2,1,0,60,1,0,447.9
0,2,1,0,60,4,0,412.4125
0,2,1,0,60,6,0,93.575
0,2,1,0,60,6,2,87.55
0,2,1,0,60,6,3,132.325
0,2,1,0,61,1,0,468.8
0,2,1,0,61,4,0,429.3125
0,2,1,0,62,1,0,476.3
0,2,1,0,62,4,0,431.5625
0,2,1,0,63,1,0,471.675
0,2,1,0,63,4,0,447.0125
0,2,1,0,64,1,0,394.275
0,2,1,0,64,4,0,351.3625
0,2,1,0,65,1,0,410.15
0,2,1,0,65,4,0,379.2375
0,2,1,0,66,1,0,399.35
0,2,1,0,66,4,0,375.925
0,2,1,0,67,1,0,434.025
0,2,1,0,67,4,0,406.8
0,2,1,0,68,1,0,391.625
0,2,1,0,68,4,0,357.725
0,2,1,0,69,1,0,411.95
0,2,1,0,69,3,0,105.425
0,2,1,0,69,4,0,395.3875
0,2,1,0,70,1,0,377.325
0,2,1,0,70,1,2,418.6
0,2,1,0,70,1,3,446.125
0,2,1,0,70,3,0,98.975
0,2,1,0,70,3,2,94.275
0,2,1,0,70,3,3,100.6
0,2,1,0,70,4,0,345.0
0,2,1,0,70,4,2,367.0
0,2,1,0,70,4,3,420.625
0,2,1,1,59,1,0,654.78125
0,2,1,1,59,4,0,570.270833333333
0,2,1,1,59,6,0,257.166666666667
0,2,1,1,60,1,0,607.625
0,2,1,1,60,4,0,544.770833333333
0,2,1,1,60,6,0,92.75
0,2,1,1,60,6,2,95.9722222222222
0,2,1,1,60,6,3,245.361111111111
0,2,1,1,60,6,4,230.75
0,2,1,1,61,1,0,623.0
0,2,1,1,61,4,0,550.020833333333
0,2,1,1,62,1,0,620.375
0,2,1,1,62,4,0,551.4375
0,2,1,1,63,1,0,624.25
0,2,1,1,63,4,0,550.0625
0,2,1,1,64,1,0,559.21875
0,2,1,1,64,4,0,488.895833333333
0,2,1,1,65,1,0,578.25
0,2,1,1,65,4,0,489.4375
0,2,1,1,66,1,0,568.4375
0,2,1,1,66,4,0,486.645833333333
0,2,1,1,67,1,0,608.3125
0,2,1,1,67,4,0,526.583333333333
0,2,1,1,68,1,0,560.65625
0,2,1,1,68,4,0,485.833333333333
0,2,1,1,69,1,0,581.90625
0,2,1,1,69,3,0,177.75
0,2,1,1,69,4,0,512.520833333333
0,2,1,1,69,5,0,745.525
0,2,1,1,70,1,0,523.40625
0,2,1,1,70,1,2,574.21875
0,2,1,1,70,1,3,609.34375
0,2,1,1,70,1,4,597.875
0,2,1,1,70,3,0,156.944444444444
0,2,1,1,70,3,2,148.972222222222
0,2,1,1,70,3,3,172.166666666667
0,2,1,1,70,3,4,180.722222222222
0,2,1,1,70,4,0,429.125
0,2,1,1,70,4,2,457.395833333333
0,2,1,1,70,4,3,563.0625
0,2,1,1,70,4,4,541.458333333333
0,2,1,1,70,5,0,756.35
0,2,1,1,71,5,0,750.65
0,2,1,1,72,5,0,739.6
0,2,1,1,73,5,0,727.05
0,2,1,1,74,5,0,758.275
0,2,1,1,75,5,0,724.4
0,2,1,1,76,5,0,736.95
0,2,1,1,77,5,0,741.675
0,2,1,1,78,5,0,781.25
0,2,1,1,79,5,0,736.225
0,2,1,1,80,5,0,103.975
0,2,1,1,80,5,2,779.025
0,2,1,1,80,5,3,771.8
0,2,1,1,80,5,4,104.5
0,2,2,0,59,1,0,511.479166666667
0,2,2,0,59,2,0,1525.91071428571
0,2,2,0,59,4,0,478.041666666667
0,2,2,0,59,6,0,144.303571428571
0,2,2,0,60,1,0,442.25
0,2,2,0,60,2,0,1135.27678571429
0,2,2,0,60,4,0,413.9375
0,2,2,0,60,6,0,90.4464285714286
0,2,2,0,60,6,2,85.5803571428571
0,2,2,0,60,6,3,134.785714285714
0,2,2,0,61,1,0,459.822916666667
0,2,2,0,61,2,0,1283.66964285714
0,2,2,0,61,4,0,438.319444444444
0,2,2,0,62,1,0,456.28125
0,2,2,0,62,2,0,1246.28571428571
0,2,2,0,62,4,0,437.1875
0,2,2,0,63,1,0,462.78125
0,2,2,0,63,2,0,1302.47321428571
0,2,2,0,63,4,0,454.069444444444
0,2,2,0,64,1,0,387.135416666667
0,2,2,0,64,2,0,1001.14285714286
0,2,2,0,64,4,0,358.861111111111
0,2,2,0,65,1,0,412.072916666667
0,2,2,0,65,2,0,1101.66071428571
0,2,2,0,65,4,0,384.402777777778
0,2,2,0,66,1,0,389.625
0,2,2,0,66,2,0,1109.48214285714
0,2,2,0,66,4,0,384.277777777778
0,2,2,0,67,1,0,420.520833333333
0,2,2,0,67,2,0,1233.27678571429
0,2,2,0,67,4,0,420.5625
0,2,2,0,68,1,0,383.677083333333
0,2,2,0,68,2,0,910.696428571429
0,2,2,0,68,4,0,364.569444444444
0,2,2,0,69,1,0,408.9375
0,2,2,0,69,2,0,1011.96428571429
0,2,2,0,69,3,0,111.116071428571
0,2,2,0,69,4,0,394.076388888889
0,2,2,0,70,1,0,376.822916666667
0,2,2,0,70,1,2,417.822916666667
0,2,2,0,70,1,3,448.364583333333
0,2,2,0,70,2,0,1018.71428571429
0,2,2,0,70,3,0,103.473214285714
0,2,2,0,70,3,2,96.5178571428571
0,2,2,0,70,3,3,103.848214285714
0,2,2,0,70,4,0,344.645833333333
0,2,2,0,70,4,2,369.916666666667
0,2,2,0,70,4,3,431.402777777778
0,2,2,0,71,2,0,1120.41071428571
0,2,2,0,72,2,0,1082.26785714286
0,2,2,0,73,2,0,1238.52678571429
0,2,2,0,74,2,0,1198.07142857143
0,2,2,0,75,2,0,1337.20535714286
0,2,2,0,76,2,0,981.241071428571
0,2,2,0,77,2,0,1129.60714285714
0,2,2,0,78,2,0,1101.48214285714
0,2,2,0,79,2,0,1285.41071428571
0,2,2,0,80,2,0,116.821428571429
0,2,2,0,80,2,2,311.973214285714
0,2,2,0,80,2,3,123.607142857143
0,2,2,1,59,1,0,678.703703703704
0,2,2,1,59,2,0,1706.03787878788
0,2,2,1,59,4,0,583.076388888889
0,2,2,1,59,6,0,254.765151515152
0,2,2,1,60,1,0,620.5
0,2,2,1,60,2,0,1310.68181818182
0,2,2,1,60,4,0,555.909722222222
0,2,2,1,60,6,0,91.2575757575758
0,2,2,1,60,6,2,93.2121212121212
0,2,2,1,60,6,3,245.25
0,2,2,1,60,6,4,227.280303030303
0,2,2,1,61,1,0,641.87037037037
0,2,2,1,61,2,0,1420.04545454545
0,2,2,1,61,4,0,570.340277777778
0,2,2,1,62,1,0,638.212962962963
0,2,2,1,62,2,0,1396.84848484848
0,2,2,1,62,4,0,574.090277777778
0,2,2,1,63,1,0,644.009259259259
0,2,2,1,63,2,0,1436.79545454545
0,2,2,1,63,4,0,584.305555555556
0,2,2,1,64,1,0,569.861111111111
0,2,2,1,64,2,0,1201.81818181818
0,2,2,1,64,4,0,499.555555555556
0,2,2,1,65,1,0,596.62037037037
0,2,2,1,65,2,0,1301.30303030303
0,2,2,1,65,4,0,524.805555555556
0,2,2,1,66,1,0,581.611111111111
0,2,2,1,66,2,0,1301.05303030303
0,2,2,1,66,4,0,506.972222222222
0,2,2,1,67,1,0,619.657407407407
0,2,2,1,67,2,0,1454.2803030303
0,2,2,1,67,4,0,544.104166666667
0,2,2,1,68,1,0,574.703703703704
0,2,2,1,68,2,0,1110.7803030303
0,2,2,1,68,4,0,504.145833333333
0,2,2,1,69,1,0,590.574074074074
0,2,2,1,69,2,0,1224.41666666667
0,2,2,1,69,3,0,186.204545454545
0,2,2,1,69,4,0,531.340277777778
0,2,2,1,69,5,0,756.583333333333
0,2,2,1,70,1,0,548.712962962963
0,2,2,1,70,1,2,596.287037037037
0,2,2,1,70,1,3,636.111111111111
0,2,2,1,70,1,4,629.203703703704
0,2,2,1,70,2,0,1214.32575757576
0,2,2,1,70,3,0,160.174242424242
0,2,2,1,70,3,2,154.416666666667
0,2,2,1,70,3,3,176.545454545455
0,2,2,1,70,3,4,186.856060606061
0,2,2,1,70,4,0,443.486111111111
0,2,2,1,70,4,2,478.520833333333
0,2,2,1,70,4,3,567.465277777778
0,2,2,1,70,4,4,552.034722222222
0,2,2,1,70,5,0,762.638888888889
0,2,2,1,71,2,0,1325.93181818182
0,2,2,1,71,5,0,760.201388888889
0,2,2,1,72,2,0,1279.17424242424
0,2,2,1,72,5,0,746.965277777778
0,2,2,1,73,2,0,1451.65909090909
0,2,2,1,73,5,0,729.590277777778
0,2,2,1,74,2,0,1407.87121212121
0,2,2,1,74,5,0,758.284722222222
0,2,2,1,75,2,0,1557.20454545455
0,2,2,1,75,5,0,751.152777777778
0,2,2,1,76,2,0,1185.15151515152
0,2,2,1,76,5,0,748.173611111111
0,2,2,1,77,2,0,1322.49242424242
0,2,2,1,77,5,0,755.979166666667
0,2,2,1,78,2,0,1335.54545454545
0,2,2,1,78,5,0,752.472222222222
0,2,2,1,79,2,0,1494.63636363636
0,2,2,1,79,5,0,742.236111111111
0,2,2,1,80,2,0,129.5
0,2,2,1,80,2,2,379.893939393939
0,2,2,1,80,2,3,133.05303030303
0,2,2,1,80,2,4,1396.31060606061
0,2,2,1,80,5,0,103.159722222222
0,2,2,1,80,5,2,786.069444444444
0,2,2,1,80,5,3,793.326388888889
0,2,2,1,80,5,4,104.944444444444
0,3,1,0,59,1,0,537.875
0,3,1,0,59,4,0,472.208333333333
0,3,1,0,59,6,0,137.875
0,3,1,0,60,1,0,478.125
0,3,1,0,60,4,0,417.375
0,3,1,0,60,6,0,93.25
0,3,1,0,60,6,2,92.5
0,3,1,0,60,6,3,139.125
0,3,1,0,61,1,0,456.875
0,3,1,0,61,4,0,441.291666666667
0,3,1,0,62,1,0,473.375
0,3,1,0,62,4,0,432.25
0,3,1,0,63,1,0,461.5
0,3,1,0,63,4,0,457.291666666667
0,3,1,0,64,1,0,387.0
0,3,1,0,64,4,0,353.291666666667
0,3,1,0,65,1,0,412.125
0,3,1,0,65,4,0,378.125
0,3,1,0,66,1,0,397.0
0,3,1,0,66,4,0,374.666666666667
0,3,1,0,67,1,0,439.375
0,3,1,0,67,4,0,415.458333333333
0,3,1,0,68,1,0,400.0
0,3,1,0,68,4,0,366.875
0,3,1,0,69,1,0,416.25
0,3,1,0,69,3,0,113.875
0,3,1,0,69,4,0,393.833333333333
0,3,1,0,70,1,0,374.625
0,3,1,0,70,1,2,403.0
0,3,1,0,70,1,3,457.5
0,3,1,0,70,3,0,106.25
0,3,1,0,70,3,2,94.0
0,3,1,0,70,3,3,97.0
0,3,1,0,70,4,0,333.0
0,3,1,0,70,4,2,361.041666666667
0,3,1,0,70,4,3,421.125
0,3,1,1,59,1,0,706.416666666667
0,3,1,1,59,4,0,595.916666666667
0,3,1,1,59,6,0,248.083333333333
0,3,1,1,60,1,0,626.083333333333
0,3,1,1,60,4,0,554.625
0,3,1,1,60,6,0,92.5833333333333
0,3,1,1,60,6,2,95.6666666666667
0,3,1,1,60,6,3,256.833333333333
0,3,1,1,60,6,4,225.25
0,3,1,1,61,1,0,672.75
0,3,1,1,61,4,0,551.708333333333
0,3,1,1,62,1,0,621.833333333333
0,3,1,1,62,4,0,551.375
0,3,1,1,63,1,0,643.416666666667
0,3,1,1,63,4,0,581.291666666667
0,3,1,1,64,1,0,574.666666666667
0,3,1,1,64,4,0,495.25
0,3,1,1,65,1,0,591.083333333333
0,3,1,1,65,4,0,502.875
0,3,1,1,66,1,0,580.5
0,3,1,1,66,4,0,512.958333333333
0,3,1,1,67,1,0,635.333333333333
0,3,1,1,67,4,0,531.875
0,3,1,1,68,1,0,576.833333333333
0,3,1,1,68,4,0,491.583333333333
0,3,1,1,69,1,0,580.833333333333
0,3,1,1,69,3,0,185.916666666667
0,3,1,1,69,4,0,511.083333333333
0,3,1,1,69,5,0,748.166666666667
0,3,1,1,70,1,0,537.083333333333
0,3,1,1,70,1,2,592.833333333333
0,3,1,1,70,1,3,644.916666666667
0,3,1,1,70,1,4,599.166666666667
0,3,1,1,70,3,0,156.833333333333
0,3,1,1,70,3,2,145.75
0,3,1,1,70,3,3,178.0
0,3,1,1,70,3,4,186.083333333333
0,3,1,1,70,4,0,431.333333333333
0,3,1,1,70,4,2,456.25
0,3,1,1,70,4,3,533.583333333333
0,3,1,1,70,4,4,547.291666666667
0,3,1,1,70,5,0,757.916666666667
0,3,1,1,71,5,0,755.25
0,3,1,1,72,5,0,730.833333333333
0,3,1,1,73,5,0,714.916666666667
0,3,1,1,74,5,0,741.0
0,3,1,1,75,5,0,722.333333333333
0,3,1,1,76,5,0,704.416666666667
0,3,1,1,77,5,0,717.5
0,3,1,1,78,5,0,741.833333333333
0,3,1,1,79,5,0,713.333333333333
0,3,1,1,80,5,0,102.416666666667
0,3,1,1,80,5,2,755.666666666667
0,3,1,1,80,5,3,777.333333333333
0,3,1,1,80,5,4,103.833333333333
0,3,2,0,59,1,0,521.694444444444
0,3,2,0,59,2,0,1517.08333333333
0,3,2,0,59,4,0,474.638888888889
0,3,2,0,59,6,0,142.5
0,3,2,0,60,1,0,441.0
0,3,2,0,60,2,0,1159.63888888889
0,3,2,0,60,4,0,411.611111111111
0,3,2,0,60,6,0,88.6944444444444
0,3,2,0,60,6,2,83.9444444444444
0,3,2,0,60,6,3,133.194444444444
0,3,2,0,61,1,0,459.666666666667
0,3,2,0,61,2,0,1291.16666666667
0,3,2,0,61,4,0,442.208333333333
0,3,2,0,62,1,0,473.416666666667
0,3,2,0,62,2,0,1236.08333333333
0,3,2,0,62,4,0,438.486111111111
0,3,2,0,63,1,0,475.305555555556
0,3,2,0,63,2,0,1318.36111111111
0,3,2,0,63,4,0,459.722222222222
0,3,2,0,64,1,0,390.527777777778
0,3,2,0,64,2,0,1024.02777777778
0,3,2,0,64,4,0,354.166666666667
0,3,2,0,65,1,0,413.166666666667
0,3,2,0,65,2,0,1109.27777777778
0,3,2,0,65,4,0,389.305555555556
0,3,2,0,66,1,0,396.305555555556
0,3,2,0,66,2,0,1117.13888888889
0,3,2,0,66,4,0,382.736111111111
0,3,2,0,67,1,0,422.0
0,3,2,0,67,2,0,1228.47222222222
0,3,2,0,67,4,0,420.097222222222
0,3,2,0,68,1,0,386.25
0,3,2,0,68,2,0,901.361111111111
0,3,2,0,68,4,0,365.972222222222
0,3,2,0,69,1,0,419.333333333333
0,3,2,0,69,2,0,1015.27777777778
0,3,2,0,69,3,0,107.027777777778
0,3,2,0,69,4,0,401.833333333333
0,3,2,0,70,1,0,376.416666666667
0,3,2,0,70,1,2,415.138888888889
0,3,2,0,70,1,3,442.75
0,3,2,0,70,2,0,1009.91666666667
0,3,2,0,70,3,0,99.4166666666667
0,3,2,0,70,3,2,96.2777777777778
0,3,2,0,70,3,3,99.8055555555556
0,3,2,0,70,4,0,345.861111111111
0,3,2,0,70,4,2,371.875
0,3,2,0,70,4,3,433.138888888889
0,3,2,0,71,2,0,1123.69444444444
0,3,2,0,72,2,0,1067.61111111111
0,3,2,0,73,2,0,1249.52777777778
0,3,2,0,74,2,0,1189.44444444444
0,3,2,0,75,2,0,1342.25
0,3,2,0,76,2,0,1001.94444444444
0,3,2,0,77,2,0,1128.83333333333
0,3,2,0,78,2,0,1107.88888888889
0,3,2,0,79,2,0,1272.69444444444
0,3,2,0,80,2,0,119.833333333333
0,3,2,0,80,2,2,316.583333333333
0,3,2,0,80,2,3,127.833333333333
0,3,2,1,59,1,0,688.625
0,3,2,1,59,2,0,1721.23611111111
0,3,2,1,59,4,0,588.491666666667
0,3,2,1,59,6,0,259.527777777778
0,3,2,1,60,1,0,630.916666666667
0,3,2,1,60,2,0,1308.68055555556
0,3,2,1,60,4,0,550.225
0,3,2,1,60,6,0,90.6666666666667
0,3,2,1,60,6,2,91.625
0,3,2,1,60,6,3,241.763888888889
0,3,2,1,60,6,4,226.083333333333
0,3,2,1,61,1,0,645.972222222222
0,3,2,1,61,2,0,1430.56944444444
0,3,2,1,61,4,0,566.816666666667
0,3,2,1,62,1,0,657.125
0,3,2,1,62,2,0,1390.65277777778
0,3,2,1,62,4,0,574.391666666667
0,3,2,1,63,1,0,667.486111111111
0,3,2,1,63,2,0,1448.625
0,3,2,1,63,4,0,585.766666666667
0,3,2,1,64,1,0,575.986111111111
0,3,2,1,64,2,0,1195.41666666667
0,3,2,1,64,4,0,494.675
0,3,2,1,65,1,0,611.138888888889
0,3,2,1,65,2,0,1303.47222222222
0,3,2,1,65,4,0,515.975
0,3,2,1,66,1,0,608.972222222222
0,3,2,1,66,2,0,1314.31944444444
0,3,2,1,66,4,0,510.908333333333
0,3,2,1,67,1,0,645.722222222222
0,3,2,1,67,2,0,1459.66666666667
0,3,2,1,67,4,0,548.016666666667
0,3,2,1,68,1,0,590.847222222222
0,3,2,1,68,2,0,1112.23611111111
0,3,2,1,68,4,0,503.983333333333
0,3,2,1,69,1,0,614.986111111111
0,3,2,1,69,2,0,1226.51388888889
0,3,2,1,69,3,0,189.888888888889
0,3,2,1,69,4,0,530.225
0,3,2,1,69,5,0,757.916666666667
0,3,2,1,70,1,0,554.041666666667
0,3,2,1,70,1,2,609.097222222222
0,3,2,1,70,1,3,642.652777777778
0,3,2,1,70,1,4,640.75
0,3,2,1,70,2,0,1231.48611111111
0,3,2,1,70,3,0,160.402777777778
0,3,2,1,70,3,2,152.611111111111
0,3,2,1,70,3,3,176.680555555556
0,3,2,1,70,3,4,190.083333333333
0,3,2,1,70,4,0,444.475
0,3,2,1,70,4,2,474.966666666667
0,3,2,1,70,4,3,571.833333333333
0,3,2,1,70,4,4,557.333333333333
0,3,2,1,70,5,0,760.361111111111
0,3,2,1,71,2,0,1345.88888888889
0,3,2,1,71,5,0,761.236111111111
0,3,2,1,72,2,0,1291.125
0,3,2,1,72,5,0,757.097222222222
0,3,2,1,73,2,0,1480.02777777778
0,3,2,1,73,5,0,729.430555555556
0,3,2,1,74,2,0,1425.48611111111
0,3,2,1,74,5,0,747.458333333333
0,3,2,1,75,2,0,1560.80555555556
0,3,2,1,75,5,0,756.75
0,3,2,1,76,2,0,1181.19444444444
0,3,2,1,76,5,0,743.763888888889
0,3,2,1,77,2,0,1324.95833333333
0,3,2,1,77,5,0,747.305555555556
0,3,2,1,78,2,0,1316.54166666667
0,3,2,1,78,5,0,740.722222222222
0,3,2,1,79,2,0,1484.55555555556
0,3,2,1,79,5,0,746.152777777778
0,3,2,1,80,2,0,127.430555555556
0,3,2,1,80,2,2,387.388888888889
0,3,2,1,80,2,3,134.611111111111
0,3,2,1,80,2,4,1394.84722222222
0,3,2,1,80,5,0,101.333333333333
0,3,2,1,80,5,2,798.625
0,3,2,1,80,5,3,782.888888888889
0,3,2,1,80,5,4,101.680555555556
1,1,2,0,59,2,0,35478.3125
1,1,2,0,59,6,0,1719.22916666667
1,1,2,0,60,2,0,24690.5
1,1,2,0,60,6,0,1196.5625
1,1,2,0,61,2,0,28678.2291666667
1,1,2,0,61,6,0,1255.95833333333
1,1,2,0,62,2,0,27198.8333333333
1,1,2,0,62,6,0,1202.75
1,1,2,0,63,2,0,29408.0625
1,1,2,0,63,6,0,1260.4375
1,1,2,0,64,2,0,21949.3541666667
1,1,2,0,64,6,0,1168.3125
1,1,2,0,65,2,0,26256.4583333333
1,1,2,0,65,6,0,1236.5
1,1,2,0,66,2,0,25369.6875
1,1,2,0,66,6,0,1279.89583333333
1,1,2,0,67,2,0,29925.0416666667
1,1,2,0,67,6,0,1483.79166666667
1,1,2,0,68,2,0,19271.2916666667
1,1,2,0,68,6,0,1078.77083333333
1,1,2,0,69,2,0,22848.75
1,1,2,0,69,3,0,465.854166666667
1,1,2,0,69,6,0,1105.9375
1,1,2,0,70,2,0,21991.9375
1,1,2,0,70,3,0,476.770833333333
1,1,2,0,70,6,0,1165.1875
1,1,2,0,71,2,0,25994.0
1,1,2,0,71,3,0,444.125
1,1,2,0,71,6,0,1328.125
1,1,2,0,72,2,0,24081.7708333333
1,1,2,0,72,3,0,462.270833333333
1,1,2,0,72,6,0,1268.47916666667
1,1,2,0,73,2,0,29144.6041666667
1,1,2,0,73,3,0,431.1875
1,1,2,0,73,6,0,1409.39583333333
1,1,2,0,74,2,0,27501.9375
1,1,2,0,74,3,0,467.5625
1,1,2,0,74,6,0,1352.95833333333
1,1,2,0,75,2,0,31956.75
1,1,2,0,75,3,0,442.375
1,1,2,0,75,6,0,1573.5625
1,1,2,0,76,2,0,20463.4375
1,1,2,0,76,3,0,480.791666666667
1,1,2,0,76,6,0,1128.02083333333
1,1,2,0,77,2,0,25185.4791666667
1,1,2,0,77,3,0,437.833333333333
1,1,2,0,77,6,0,1250.60416666667
1,1,2,0,78,2,0,23841.1458333333
1,1,2,0,78,3,0,478.083333333333
1,1,2,0,78,6,0,1217.3125
1,1,2,0,79,2,0,28590.2083333333
1,1,2,0,79,3,0,443.041666666667
1,1,2,0,79,6,0,1407.33333333333
1,1,2,0,80,2,0,5465.27083333333
1,1,2,0,80,2,1,5927.4375
1,1,2,0,80,2,2,27858.7708333333
1,1,2,0,80,2,3,29312.4791666667
1,1,2,0,80,3,0,92.3333333333333
1,1,2,0,80,3,1,91.3541666666667
1,1,2,0,80,3,2,477.708333333333
1,1,2,0,80,3,3,470.416666666667
1,1,2,0,80,6,0,333.020833333333
1,1,2,0,80,6,1,335.9375
1,1,2,0,80,6,2,1394.58333333333
1,1,2,0,80,6,3,1434.625
1,1,2,1,59,2,0,40353.8888888889
1,1,2,1,59,6,0,4476.41666666667
1,1,2,1,60,2,0,28170.1111111111
1,1,2,1,60,6,0,3407.33333333333
1,1,2,1,61,2,0,31292.3888888889
1,1,2,1,61,6,0,3331.22222222222
1,1,2,1,62,2,0,30704.2222222222
1,1,2,1,62,6,0,3418.72222222222
1,1,2,1,63,2,0,32320.6666666667
1,1,2,1,63,6,0,3304.41666666667
1,1,2,1,64,2,0,27020.2777777778
1,1,2,1,64,6,0,3243.83333333333
1,1,2,1,65,2,0,31143.4722222222
1,1,2,1,65,6,0,3505.77777777778
1,1,2,1,66,2,0,30776.7222222222
1,1,2,1,66,6,0,3630.58333333333
1,1,2,1,67,2,0,35298.8055555556
1,1,2,1,67,6,0,3996.94444444444
1,1,2,1,68,2,0,24020.1944444444
1,1,2,1,68,6,0,3008.13888888889
1,1,2,1,69,2,0,27255.5555555556
1,1,2,1,69,3,0,1560.30555555556
1,1,2,1,69,5,0,8812.22222222222
1,1,2,1,69,6,0,3094.97222222222
1,1,2,1,70,2,0,26999.6388888889
1,1,2,1,70,3,0,1557.05555555556
1,1,2,1,70,5,0,8872.25
1,1,2,1,70,6,0,3136.41666666667
1,1,2,1,71,2,0,31141.6111111111
1,1,2,1,71,3,0,1522.94444444444
1,1,2,1,71,5,0,8882.13888888889
1,1,2,1,71,6,0,3598.55555555556
1,1,2,1,72,2,0,29333.25
1,1,2,1,72,3,0,1521.55555555556
1,1,2,1,72,5,0,8841.11111111111
1,1,2,1,72,6,0,3397.22222222222
1,1,2,1,73,2,0,34668.2222222222
1,1,2,1,73,3,0,1317.83333333333
1,1,2,1,73,5,0,8684.02777777778
1,1,2,1,73,6,0,3898.38888888889
1,1,2,1,74,2,0,32808.0833333333
1,1,2,1,74,3,0,1506.94444444444
1,1,2,1,74,5,0,8988.38888888889
1,1,2,1,74,6,0,3705.80555555556
1,1,2,1,75,2,0,37421.1666666667
1,1,2,1,75,3,0,1392.25
1,1,2,1,75,5,0,8798.72222222222
1,1,2,1,75,6,0,4176.80555555556
1,1,2,1,76,2,0,25194.5555555556
1,1,2,1,76,3,0,1537.05555555556
1,1,2,1,76,5,0,8792.97222222222
1,1,2,1,76,6,0,3098.5
1,1,2,1,77,2,0,29798.0277777778
1,1,2,1,77,3,0,1323.61111111111
1,1,2,1,77,5,0,8758.44444444445
1,1,2,1,77,6,0,3379.25
1,1,2,1,78,2,0,28727.2222222222
1,1,2,1,78,3,0,1529.77777777778
1,1,2,1,78,5,0,8900.58333333333
1,1,2,1,78,6,0,3321.63888888889
1,1,2,1,79,2,0,33975.3333333333
1,1,2,1,79,3,0,1461.91666666667
1,1,2,1,79,5,0,8895.41666666667
1,1,2,1,79,6,0,3782.83333333333
1,1,2,1,80,2,0,6619.13888888889
1,1,2,1,80,2,1,6903.83333333333
1,1,2,1,80,2,2,33476.1388888889
1,1,2,1,80,2,3,35103.25
1,1,2,1,80,2,4,31005.8611111111
1,1,2,1,80,3,0,115.944444444444
1,1,2,1,80,3,1,115.666666666667
1,1,2,1,80,3,2,1461.94444444444
1,1,2,1,80,3,3,1380.36111111111
1,1,2,1,80,3,4,1556.55555555556
1,1,2,1,80,5,0,8744.08333333333
1,1,2,1,80,6,0,843.194444444444
1,1,2,1,80,6,1,882.888888888889
1,1,2,1,80,6,2,3754.13888888889
1,1,2,1,80,6,3,3872.19444444444
1,1,2,1,80,6,4,3535.5
1,1,2,1,81,5,0,8469.61111111111
1,1,2,1,82,5,0,8772.41666666667
1,1,2,1,83,5,0,8603.52777777778
1,1,2,1,84,5,0,8788.91666666667
1,1,2,1,85,5,0,8452.83333333333
1,1,2,1,86,5,0,8802.61111111111
1,1,2,1,87,5,0,8622.66666666667
1,1,2,1,88,5,0,8761.16666666667
1,1,2,1,89,5,0,8645.38888888889
1,1,2,1,90,5,0,81.8888888888889
1,1,2,1,90,5,1,1433.02777777778
1,1,2,1,90,5,2,10424.4722222222
1,1,2,1,90,5,3,9327.91666666667
1,1,2,1,90,5,4,84.7222222222222
1,2,2,0,59,1,0,15105.9166666667
1,2,2,0,59,2,0,35231.4333333333
1,2,2,0,59,4,0,951.833333333333
1,2,2,0,59,6,0,1703.1
1,2,2,0,60,1,0,10599.2777777778
1,2,2,0,60,2,0,24628.8833333333
1,2,2,0,60,4,0,882.333333333333
1,2,2,0,60,6,0,1168.71666666667
1,2,2,0,61,1,0,12062.3611111111
1,2,2,0,61,2,0,28386.7333333333
1,2,2,0,61,4,0,927.194444444444
1,2,2,0,61,6,0,1241.9
1,2,2,0,62,1,0,11614.9722222222
1,2,2,0,62,2,0,27104.5333333333
1,2,2,0,62,4,0,921.472222222222
1,2,2,0,62,6,0,1217.88333333333
1,2,2,0,63,1,0,12824.3888888889
1,2,2,0,63,2,0,29260.85
1,2,2,0,63,4,0,952.138888888889
1,2,2,0,63,6,0,1215.6
1,2,2,0,64,1,0,9324.94444444445
1,2,2,0,64,2,0,21867.4333333333
1,2,2,0,64,4,0,737.055555555556
1,2,2,0,64,6,0,1151.7
1,2,2,0,65,1,0,11079.1666666667
1,2,2,0,65,2,0,26133.1333333333
1,2,2,0,65,4,0,795.416666666667
1,2,2,0,65,6,0,1243.21666666667
1,2,2,0,66,1,0,10866.7777777778
1,2,2,0,66,2,0,25322.6
1,2,2,0,66,4,0,790.694444444444
1,2,2,0,66,6,0,1267.63333333333
1,2,2,0,67,1,0,12906.5277777778
1,2,2,0,67,2,0,29747.25
1,2,2,0,67,4,0,834.611111111111
1,2,2,0,67,6,0,1472.26666666667
1,2,2,0,68,1,0,8803.19444444445
1,2,2,0,68,2,0,19010.85
1,2,2,0,68,4,0,738.888888888889
1,2,2,0,68,6,0,1065.38333333333
1,2,2,0,69,1,0,10437.8333333333
1,2,2,0,69,2,0,22603.0833333333
1,2,2,0,69,3,0,455.283333333333
1,2,2,0,69,4,0,824.222222222222
1,2,2,0,69,6,0,1102.46666666667
1,2,2,0,70,1,0,10025.7777777778
1,2,2,0,70,2,0,21829.1833333333
1,2,2,0,70,3,0,473.516666666667
1,2,2,0,70,4,0,403.944444444444
1,2,2,0,70,4,1,908.25
1,2,2,0,70,4,2,462.444444444444
1,2,2,0,70,4,3,937.666666666667
1,2,2,0,70,6,0,1166.95
1,2,2,0,71,1,0,11753.9444444444
1,2,2,0,71,2,0,25648.3166666667
1,2,2,0,71,3,0,434.833333333333
1,2,2,0,71,6,0,1305.0
1,2,2,0,72,1,0,10487.5
1,2,2,0,72,2,0,23891.5166666667
1,2,2,0,72,3,0,456.683333333333
1,2,2,0,72,6,0,1227.06666666667
1,2,2,0,73,1,0,12919.1666666667
1,2,2,0,73,2,0,28885.4
1,2,2,0,73,3,0,414.85
1,2,2,0,73,6,0,1391.7
1,2,2,0,74,1,0,12246.8888888889
1,2,2,0,74,2,0,27252.7833333333
1,2,2,0,74,3,0,455.9
1,2,2,0,74,6,0,1324.88333333333
1,2,2,0,75,1,0,14634.2222222222
1,2,2,0,75,2,0,31755.55
1,2,2,0,75,3,0,427.35
1,2,2,0,75,6,0,1568.15
1,2,2,0,76,1,0,9649.30555555555
1,2,2,0,76,2,0,20316.65
1,2,2,0,76,3,0,460.05
1,2,2,0,76,6,0,1124.8
1,2,2,0,77,1,0,11680.2777777778
1,2,2,0,77,2,0,24790.2166666667
1,2,2,0,77,3,0,422.283333333333
1,2,2,0,77,6,0,1224.9
1,2,2,0,78,1,0,11226.25
1,2,2,0,78,2,0,23479.0
1,2,2,0,78,3,0,471.983333333333
1,2,2,0,78,6,0,1191.58333333333
1,2,2,0,79,1,0,13372.0833333333
1,2,2,0,79,2,0,28241.2666666667
1,2,2,0,79,3,0,434.45
1,2,2,0,79,6,0,1377.25
1,2,2,0,80,1,0,10009.2222222222
1,2,2,0,80,2,0,5507.5
1,2,2,0,80,2,1,5922.53333333333
1,2,2,0,80,2,2,27633.4333333333
1,2,2,0,80,2,3,29100.45
1,2,2,0,80,3,0,91.1
1,2,2,0,80,3,1,86.8833333333333
1,2,2,0,80,3,2,472.35
1,2,2,0,80,3,3,465.833333333333
1,2,2,0,80,6,0,324.35
1,2,2,0,80,6,1,334.1
1,2,2,0,80,6,2,1372.45
1,2,2,0,80,6,3,1422.13333333333
1,2,2,0,81,1,0,12243.3333333333
1,2,2,0,82,1,0,12013.6944444444
1,2,2,0,83,1,0,13958.7222222222
1,2,2,0,84,1,0,9265.69444444445
1,2,2,0,85,1,0,11109.9444444444
1,2,2,0,86,1,0,10743.1111111111
1,2,2,0,87,1,0,12694.2777777778
1,2,2,0,88,1,0,10967.3055555556
1,2,2,0,89,1,0,12809.3888888889
1,2,2,0,90,1,0,229.944444444444
1,2,2,0,90,1,1,5484.19444444444
1,2,2,0,90,1,2,248.027777777778
1,2,2,0,90,1,3,14678.4444444444
1,2,2,1,59,1,0,21354.875
1,2,2,1,59,2,0,40048.25
1,2,2,1,59,4,0,1250.375
1,2,2,1,59,6,0,4488.30952380952
1,2,2,1,60,1,0,16957.6666666667
1,2,2,1,60,2,0,28181.6547619048
1,2,2,1,60,4,0,1205.14583333333
1,2,2,1,60,6,0,3310.36904761905
1,2,2,1,61,1,0,17870.7083333333
1,2,2,1,61,2,0,31158.75
1,2,2,1,61,4,0,1200.20833333333
1,2,2,1,61,6,0,3308.2380952381
1,2,2,1,62,1,0,17725.5833333333
1,2,2,1,62,2,0,30506.2976190476
1,2,2,1,62,4,0,1215.79166666667
1,2,2,1,62,6,0,3405.11904761905
1,2,2,1,63,1,0,18380.0
1,2,2,1,63,2,0,31941.0238095238
1,2,2,1,63,4,0,1202.39583333333
1,2,2,1,63,6,0,3289.11904761905
1,2,2,1,64,1,0,15591.7916666667
1,2,2,1,64,2,0,26735.9166666667
1,2,2,1,64,4,0,1045.0625
1,2,2,1,64,6,0,3233.36904761905
1,2,2,1,65,1,0,17312.2083333333
1,2,2,1,65,2,0,30919.0595238095
1,2,2,1,65,4,0,1122.10416666667
1,2,2,1,65,6,0,3484.25
1,2,2,1,66,1,0,17394.375
1,2,2,1,66,2,0,30479.6904761905
1,2,2,1,66,4,0,1085.79166666667
1,2,2,1,66,6,0,3533.38095238095
1,2,2,1,67,1,0,19236.75
1,2,2,1,67,2,0,35290.0238095238
1,2,2,1,67,4,0,1169.58333333333
1,2,2,1,67,6,0,4002.7619047619
1,2,2,1,68,1,0,14948.9583333333
1,2,2,1,68,2,0,23673.7142857143
1,2,2,1,68,4,0,1063.45833333333
1,2,2,1,68,6,0,2943.96428571429
1,2,2,1,69,1,0,16339.3958333333
1,2,2,1,69,2,0,27162.2261904762
1,2,2,1,69,3,0,1518.96428571429
1,2,2,1,69,4,0,1115.29166666667
1,2,2,1,69,5,0,8747.29761904762
1,2,2,1,69,6,0,3066.70238095238
1,2,2,1,70,1,0,16229.9166666667
1,2,2,1,70,2,0,26857.6666666667
1,2,2,1,70,3,0,1506.70238095238
1,2,2,1,70,4,0,509.75
1,2,2,1,70,4,1,1185.95833333333
1,2,2,1,70,4,2,552.791666666667
1,2,2,1,70,4,3,1233.22916666667
1,2,2,1,70,4,4,1187.6875
1,2,2,1,70,5,0,8981.30952380952
1,2,2,1,70,6,0,3139.21428571429
1,2,2,1,71,1,0,17921.5208333333
1,2,2,1,71,2,0,31048.6547619048
1,2,2,1,71,3,0,1460.7380952381
1,2,2,1,71,5,0,8829.78571428571
1,2,2,1,71,6,0,3572.0119047619
1,2,2,1,72,1,0,17133.4375
1,2,2,1,72,2,0,28989.6071428571
1,2,2,1,72,3,0,1480.27380952381
1,2,2,1,72,5,0,8858.63095238095
1,2,2,1,72,6,0,3444.39285714286
1,2,2,1,73,1,0,19513.375
1,2,2,1,73,2,0,34327.7261904762
1,2,2,1,73,3,0,1297.5119047619
1,2,2,1,73,5,0,8621.40476190476
1,2,2,1,73,6,0,3830.36904761905
1,2,2,1,74,1,0,19059.1666666667
1,2,2,1,74,2,0,32804.5357142857
1,2,2,1,74,3,0,1477.05952380952
1,2,2,1,74,5,0,8958.75
1,2,2,1,74,6,0,3734.58333333333
1,2,2,1,75,1,0,21215.1041666667
1,2,2,1,75,2,0,37388.5238095238
1,2,2,1,75,3,0,1361.72619047619
1,2,2,1,75,5,0,8815.28571428571
1,2,2,1,75,6,0,4192.30952380952
1,2,2,1,76,1,0,15996.9166666667
1,2,2,1,76,2,0,25032.9285714286
1,2,2,1,76,3,0,1499.80952380952
1,2,2,1,76,5,0,8864.92857142857
1,2,2,1,76,6,0,3090.22619047619
1,2,2,1,77,1,0,17889.2708333333
1,2,2,1,77,2,0,29347.0952380952
1,2,2,1,77,3,0,1305.97619047619
1,2,2,1,77,5,0,8737.7619047619
1,2,2,1,77,6,0,3362.13095238095
1,2,2,1,78,1,0,17562.3541666667
1,2,2,1,78,2,0,28582.1666666667
1,2,2,1,78,3,0,1496.65476190476
1,2,2,1,78,5,0,8956.54761904762
1,2,2,1,78,6,0,3317.33333333333
1,2,2,1,79,1,0,19533.4791666667
1,2,2,1,79,2,0,33535.9404761905
1,2,2,1,79,3,0,1428.65476190476
1,2,2,1,79,5,0,8872.52380952381
1,2,2,1,79,6,0,3786.91666666667
1,2,2,1,80,1,0,16578.6666666667
1,2,2,1,80,2,0,6498.67857142857
1,2,2,1,80,2,1,6873.35714285714
1,2,2,1,80,2,2,33036.5119047619
1,2,2,1,80,2,3,34739.7857142857
1,2,2,1,80,2,4,30918.0119047619
1,2,2,1,80,3,0,115.52380952381
1,2,2,1,80,3,1,113.119047619048
1,2,2,1,80,3,2,1410.69047619048
1,2,2,1,80,3,3,1344.84523809524
1,2,2,1,80,3,4,1517.90476190476
1,2,2,1,80,5,0,8803.60714285714
1,2,2,1,80,6,0,820.821428571429
1,2,2,1,80,6,1,869.369047619048
1,2,2,1,80,6,2,3766.57142857143
1,2,2,1,80,6,3,3902.88095238095
1,2,2,1,80,6,4,3522.53571428571
1,2,2,1,81,1,0,18419.5625
1,2,2,1,81,5,0,8581.64285714286
1,2,2,1,82,1,0,18776.5416666667
1,2,2,1,82,5,0,8835.53571428571
1,2,2,1,83,1,0,20564.2291666667
1,2,2,1,83,5,0,8636.14285714286
1,2,2,1,84,1,0,15453.6458333333
1,2,2,1,84,5,0,8829.80952380952
1,2,2,1,85,1,0,16927.2083333333
1,2,2,1,85,5,0,8580.04761904762
1,2,2,1,86,1,0,17082.9583333333
1,2,2,1,86,5,0,8876.03571428571
1,2,2,1,87,1,0,19013.9166666667
1,2,2,1,87,5,0,8657.70238095238
1,2,2,1,88,1,0,17723.7291666667
1,2,2,1,88,5,0,8813.0119047619
1,2,2,1,89,1,0,19083.8333333333
1,2,2,1,89,5,0,8585.39285714286
1,2,2,1,90,1,0,309.666666666667
1,2,2,1,90,1,1,8595.3125
1,2,2,1,90,1,2,320.979166666667
1,2,2,1,90,1,3,22622.4791666667
1,2,2,1,90,1,4,20320.8125
1,2,2,1,90,5,0,85.0595238095238
1,2,2,1,90,5,1,1434.70238095238
1,2,2,1,90,5,2,10322.0238095238
1,2,2,1,90,5,3,9352.27380952381
1,2,2,1,90,5,4,84.3333333333333
1,3,2,0,59,1,0,15616.4722222222
1,3,2,0,59,2,0,35540.3611111111
1,3,2,0,59,4,0,955.583333333333
1,3,2,0,59,6,0,1669.52777777778
1,3,2,0,60,1,0,11175.3888888889
1,3,2,0,60,2,0,24691.5833333333
1,3,2,0,60,4,0,865.416666666667
1,3,2,0,60,6,0,1151.44444444444
1,3,2,0,61,1,0,12617.8611111111
1,3,2,0,61,2,0,28355.4166666667
1,3,2,0,61,4,0,942.833333333333
1,3,2,0,61,6,0,1202.30555555556
1,3,2,0,62,1,0,12199.2222222222
1,3,2,0,62,2,0,27208.7777777778
1,3,2,0,62,4,0,895.354166666667
1,3,2,0,62,6,0,1187.0
1,3,2,0,63,1,0,13551.1111111111
1,3,2,0,63,2,0,29315.25
1,3,2,0,63,4,0,937.208333333333
1,3,2,0,63,6,0,1189.97222222222
1,3,2,0,64,1,0,9836.80555555555
1,3,2,0,64,2,0,22089.0
1,3,2,0,64,4,0,732.270833333333
1,3,2,0,64,6,0,1128.83333333333
1,3,2,0,65,1,0,11583.4444444444
1,3,2,0,65,2,0,26265.8055555556
1,3,2,0,65,4,0,782.145833333333
1,3,2,0,65,6,0,1176.36111111111
1,3,2,0,66,1,0,11422.2777777778
1,3,2,0,66,2,0,25321.3055555556
1,3,2,0,66,4,0,783.1875
1,3,2,0,66,6,0,1220.30555555556
1,3,2,0,67,1,0,13531.25
1,3,2,0,67,2,0,29873.5277777778
1,3,2,0,67,4,0,833.958333333333
1,3,2,0,67,6,0,1416.88888888889
1,3,2,0,68,1,0,9286.66666666667
1,3,2,0,68,2,0,19076.6944444444
1,3,2,0,68,4,0,728.1875
1,3,2,0,68,6,0,1046.19444444444
1,3,2,0,69,1,0,11055.8888888889
1,3,2,0,69,2,0,22697.6111111111
1,3,2,0,69,3,0,443.25
1,3,2,0,69,4,0,802.333333333333
1,3,2,0,69,6,0,1052.61111111111
1,3,2,0,70,1,0,10450.5277777778
1,3,2,0,70,2,0,21929.4166666667
1,3,2,0,70,3,0,465.972222222222
1,3,2,0,70,4,0,395.916666666667
1,3,2,0,70,4,1,880.020833333333
1,3,2,0,70,4,2,441.625
1,3,2,0,70,4,3,878.125
1,3,2,0,70,6,0,1110.58333333333
1,3,2,0,71,1,0,12458.0
1,3,2,0,71,2,0,25939.3611111111
1,3,2,0,71,3,0,428.277777777778
1,3,2,0,71,6,0,1260.63888888889
1,3,2,0,72,1,0,11022.75
1,3,2,0,72,2,0,24071.8333333333
1,3,2,0,72,3,0,469.25
1,3,2,0,72,6,0,1221.05555555556
1,3,2,0,73,1,0,13506.5833333333
1,3,2,0,73,2,0,28894.0833333333
1,3,2,0,73,3,0,426.388888888889
1,3,2,0,73,6,0,1336.75
1,3,2,0,74,1,0,12918.1388888889
1,3,2,0,74,2,0,27155.75
1,3,2,0,74,3,0,459.416666666667
1,3,2,0,74,6,0,1288.13888888889
1,3,2,0,75,1,0,15422.6944444444
1,3,2,0,75,2,0,31665.0277777778
1,3,2,0,75,3,0,430.638888888889
1,3,2,0,75,6,0,1523.63888888889
1,3,2,0,76,1,0,10253.8055555556
1,3,2,0,76,2,0,20351.9166666667
1,3,2,0,76,3,0,453.666666666667
1,3,2,0,76,6,0,1087.58333333333
1,3,2,0,77,1,0,12401.0277777778
1,3,2,0,77,2,0,24788.5555555556
1,3,2,0,77,3,0,430.833333333333
1,3,2,0,77,6,0,1179.33333333333
1,3,2,0,78,1,0,11979.5833333333
1,3,2,0,78,2,0,23830.25
1,3,2,0,78,3,0,472.0
1,3,2,0,78,6,0,1148.38888888889
1,3,2,0,79,1,0,14080.8055555556
1,3,2,0,79,2,0,28434.25
1,3,2,0,79,3,0,429.111111111111
1,3,2,0,79,6,0,1353.36111111111
1,3,2,0,80,1,0,10660.1666666667
1,3,2,0,80,2,0,5495.16666666667
1,3,2,0,80,2,1,5947.33333333333
1,3,2,0,80,2,2,27606.8888888889
1,3,2,0,80,2,3,29080.3611111111
1,3,2,0,80,3,0,95.8333333333333
1,3,2,0,80,3,1,88.3055555555556
1,3,2,0,80,3,2,477.0
1,3,2,0,80,3,3,458.527777777778
1,3,2,0,80,6,0,318.222222222222
1,3,2,0,80,6,1,330.083333333333
1,3,2,0,80,6,2,1344.44444444444
1,3,2,0,80,6,3,1410.41666666667
1,3,2,0,81,1,0,13030.0555555556
1,3,2,0,82,1,0,12591.7222222222
1,3,2,0,83,1,0,14871.6666666667
1,3,2,0,84,1,0,9822.13888888889
1,3,2,0,85,1,0,11790.1111111111
1,3,2,0,86,1,0,11445.4166666667
1,3,2,0,87,1,0,13361.4444444444
1,3,2,0,88,1,0,11642.3611111111
1,3,2,0,89,1,0,13410.5
1,3,2,0,90,1,0,249.416666666667
1,3,2,0,90,1,1,5746.38888888889
1,3,2,0,90,1,2,262.416666666667
1,3,2,0,90,1,3,15422.5555555556
1,3,2,1,59,1,0,22241.4895833333
1,3,2,1,59,2,0,43504.25
1,3,2,1,59,4,0,1271.925
1,3,2,1,59,6,0,3848.63541666667
1,3,2,1,60,1,0,17555.9895833333
1,3,2,1,60,2,0,30808.2604166667
1,3,2,1,60,4,0,1229.13333333333
1,3,2,1,60,6,0,2850.375
1,3,2,1,61,1,0,18410.9270833333
1,3,2,1,61,2,0,34018.71875
1,3,2,1,61,4,0,1251.65
1,3,2,1,61,6,0,2844.26041666667
1,3,2,1,62,1,0,18422.4583333333
1,3,2,1,62,2,0,33321.9375
1,3,2,1,62,4,0,1250.88333333333
1,3,2,1,62,6,0,2946.09375
1,3,2,1,63,1,0,19091.4895833333
1,3,2,1,63,2,0,34839.0833333333
1,3,2,1,63,4,0,1261.80833333333
1,3,2,1,63,6,0,2846.80208333333
1,3,2,1,64,1,0,15925.6458333333
1,3,2,1,64,2,0,29289.0520833333
1,3,2,1,64,4,0,1092.00833333333
1,3,2,1,64,6,0,2796.11458333333
1,3,2,1,65,1,0,17885.1041666667
1,3,2,1,65,2,0,33805.53125
1,3,2,1,65,4,0,1133.71666666667
1,3,2,1,65,6,0,2996.38541666667
1,3,2,1,66,1,0,17973.4895833333
1,3,2,1,66,2,0,33244.0625
1,3,2,1,66,4,0,1127.18333333333
1,3,2,1,66,6,0,3051.92708333333
1,3,2,1,67,1,0,19897.8541666667
1,3,2,1,67,2,0,38404.65625
1,3,2,1,67,4,0,1185.36666666667
1,3,2,1,67,6,0,3455.42708333333
1,3,2,1,68,1,0,15442.3854166667
1,3,2,1,68,2,0,25661.40625
1,3,2,1,68,4,0,1088.00833333333
1,3,2,1,68,6,0,2576.04166666667
1,3,2,1,69,1,0,16789.8854166667
1,3,2,1,69,2,0,29482.25
1,3,2,1,69,3,0,1637.90625
1,3,2,1,69,4,0,1140.56666666667
1,3,2,1,69,5,0,8347.3125
1,3,2,1,69,6,0,2660.57291666667
1,3,2,1,70,1,0,16715.8541666667
1,3,2,1,70,2,0,28977.28125
1,3,2,1,70,3,0,1639.66666666667
1,3,2,1,70,4,0,522.133333333333
1,3,2,1,70,4,1,1214.09166666667
1,3,2,1,70,4,2,569.058333333333
1,3,2,1,70,4,3,1231.84166666667
1,3,2,1,70,4,4,1222.74166666667
1,3,2,1,70,5,0,8528.96875
1,3,2,1,70,6,0,2689.3125
1,3,2,1,71,1,0,18425.8645833333
1,3,2,1,71,2,0,33755.6354166667
1,3,2,1,71,3,0,1593.34375
1,3,2,1,71,5,0,8466.04166666667
1,3,2,1,71,6,0,3058.8125
1,3,2,1,72,1,0,17625.03125
1,3,2,1,72,2,0,31622.7604166667
1,3,2,1,72,3,0,1576.14583333333
1,3,2,1,72,5,0,8473.48958333333
1,3,2,1,72,6,0,2930.70833333333
1,3,2,1,73,1,0,20074.7708333333
1,3,2,1,73,2,0,37136.0104166667
1,3,2,1,73,3,0,1386.875
1,3,2,1,73,5,0,8337.5625
1,3,2,1,73,6,0,3309.47916666667
1,3,2,1,74,1,0,19798.0
1,3,2,1,74,2,0,35315.3541666667
1,3,2,1,74,3,0,1593.33333333333
1,3,2,1,74,5,0,8546.19791666667
1,3,2,1,74,6,0,3221.35416666667
1,3,2,1,75,1,0,21968.9166666667
1,3,2,1,75,2,0,40599.90625
1,3,2,1,75,3,0,1457.72916666667
1,3,2,1,75,5,0,8369.58333333333
1,3,2,1,75,6,0,3624.72916666667
1,3,2,1,76,1,0,16303.5208333333
1,3,2,1,76,2,0,27220.1666666667
1,3,2,1,76,3,0,1642.22916666667
1,3,2,1,76,5,0,8486.65625
1,3,2,1,76,6,0,2641.86458333333
1,3,2,1,77,1,0,18302.125
1,3,2,1,77,2,0,32210.0625
1,3,2,1,77,3,0,1381.33333333333
1,3,2,1,77,5,0,8339.51041666667
1,3,2,1,77,6,0,2900.58333333333
1,3,2,1,78,1,0,18168.90625
1,3,2,1,78,2,0,31247.8333333333
1,3,2,1,78,3,0,1617.19791666667
1,3,2,1,78,5,0,8533.53125
1,3,2,1,78,6,0,2862.46875
1,3,2,1,79,1,0,20222.6458333333
1,3,2,1,79,2,0,36771.8854166667
1,3,2,1,79,3,0,1547.47916666667
1,3,2,1,79,5,0,8481.3125
1,3,2,1,79,6,0,3270.66666666667
1,3,2,1,80,1,0,17158.7708333333
1,3,2,1,80,2,0,7088.23958333333
1,3,2,1,80,2,1,7486.73958333333
1,3,2,1,80,2,2,35904.1979166667
1,3,2,1,80,2,3,37800.4791666667
1,3,2,1,80,2,4,33720.28125
1,3,2,1,80,3,0,118.291666666667
1,3,2,1,80,3,1,117.395833333333
1,3,2,1,80,3,2,1543.1875
1,3,2,1,80,3,3,1483.91666666667
1,3,2,1,80,3,4,1648.66666666667
1,3,2,1,80,5,0,8388.55208333333
1,3,2,1,80,6,0,710.635416666667
1,3,2,1,80,6,1,746.489583333333
1,3,2,1,80,6,2,3254.0
1,3,2,1,80,6,3,3327.46875
1,3,2,1,80,6,4,3026.79166666667
1,3,2,1,81,1,0,19181.8958333333
1,3,2,1,81,5,0,8155.47916666667
1,3,2,1,82,1,0,19397.1666666667
1,3,2,1,82,5,0,8396.27083333333
1,3,2,1,83,1,0,21139.03125
1,3,2,1,83,5,0,8272.55208333333
1,3,2,1,84,1,0,16014.875
1,3,2,1,84,5,0,8400.10416666667
1,3,2,1,85,1,0,17491.75
1,3,2,1,85,5,0,8175.76041666667
1,3,2,1,86,1,0,17693.1979166667
1,3,2,1,86,5,0,8440.375
1,3,2,1,87,1,0,19670.2395833333
1,3,2,1,87,5,0,8238.22916666667
1,3,2,1,88,1,0,18298.1041666667
1,3,2,1,88,5,0,8391.19791666667
1,3,2,1,89,1,0,19702.9479166667
1,3,2,1,89,5,0,8222.3125
1,3,2,1,90,1,0,317.875
1,3,2,1,90,1,1,8812.60416666667
1,3,2,1,90,1,2,328.520833333333
1,3,2,1,90,1,3,23376.2604166667
1,3,2,1,90,1,4,20750.8229166667
1,3,2,1,90,5,0,87.3229166666667
1,3,2,1,90,5,1,1393.29166666667
1,3,2,1,90,5,2,9928.38541666667
1,3,2,1,90,5,3,8954.65625
1,3,2,1,90,5,4,84.3958333333333
2,1,2,0,59,2,0,35755.0
2,1,2,0,59,6,0,1673.5
2,1,2,0,60,2,0,24781.75
2,1,2,0,60,6,0,1158.83333333333
2,1,2,0,61,2,0,28482.1666666667
2,1,2,0,61,6,0,1181.75
2,1,2,0,62,2,0,26956.8333333333
2,1,2,0,62,6,0,1173.33333333333
2,1,2,0,63,2,0,29323.0
2,1,2,0,63,6,0,1227.16666666667
2,1,2,0,64,2,0,22294.8333333333
2,1,2,0,64,6,0,1133.58333333333
2,1,2,0,65,2,0,26628.6666666667
2,1,2,0,65,6,0,1208.83333333333
2,1,2,0,66,2,0,25153.0
2,1,2,0,66,6,0,1270.41666666667
2,1,2,0,67,2,0,29889.9166666667
2,1,2,0,67,6,0,1438.16666666667
2,1,2,0,68,2,0,19152.25
2,1,2,0,68,6,0,1062.75
2,1,2,0,69,2,0,22427.6666666667
2,1,2,0,69,3,0,486.916666666667
2,1,2,0,69,6,0,1097.16666666667
2,1,2,0,70,2,0,21676.8333333333
2,1,2,0,70,3,0,460.583333333333
2,1,2,0,70,6,0,1090.5
2,1,2,0,71,2,0,25634.4166666667
2,1,2,0,71,3,0,420.083333333333
2,1,2,0,71,6,0,1257.66666666667
2,1,2,0,72,2,0,23956.5
2,1,2,0,72,3,0,459.916666666667
2,1,2,0,72,6,0,1200.25
2,1,2,0,73,2,0,29160.3333333333
2,1,2,0,73,3,0,411.083333333333
2,1,2,0,73,6,0,1366.75
2,1,2,0,74,2,0,27455.9166666667
2,1,2,0,74,3,0,436.416666666667
2,1,2,0,74,6,0,1341.25
2,1,2,0,75,2,0,32026.6666666667
2,1,2,0,75,3,0,414.416666666667
2,1,2,0,75,6,0,1554.41666666667
2,1,2,0,76,2,0,20526.75
2,1,2,0,76,3,0,430.25
2,1,2,0,76,6,0,1098.25
2,1,2,0,77,2,0,25060.8333333333
2,1,2,0,77,3,0,407.166666666667
2,1,2,0,77,6,0,1192.91666666667
2,1,2,0,78,2,0,23851.3333333333
2,1,2,0,78,3,0,448.083333333333
2,1,2,0,78,6,0,1167.16666666667
2,1,2,0,79,2,0,28519.5833333333
2,1,2,0,79,3,0,413.0
2,1,2,0,79,6,0,1378.58333333333
2,1,2,0,80,2,0,5475.0
2,1,2,0,80,2,1,5869.5
2,1,2,0,80,2,2,27715.25
2,1,2,0,80,2,3,29122.75
2,1,2,0,80,3,0,91.25
2,1,2,0,80,3,1,82.4166666666667
2,1,2,0,80,3,2,447.916666666667
2,1,2,0,80,3,3,451.416666666667
2,1,2,0,80,6,0,325.75
2,1,2,0,80,6,1,331.5
2,1,2,0,80,6,2,1340.83333333333
2,1,2,0,80,6,3,1409.41666666667
2,1,2,1,59,2,0,42828.4166666667
2,1,2,1,59,6,0,4314.66666666667
2,1,2,1,60,2,0,30182.0833333333
2,1,2,1,60,6,0,3177.83333333333
2,1,2,1,61,2,0,33404.0833333333
2,1,2,1,61,6,0,3254.83333333333
2,1,2,1,62,2,0,32211.5833333333
2,1,2,1,62,6,0,3325.75
2,1,2,1,63,2,0,33379.6666666667
2,1,2,1,63,6,0,3197.83333333333
2,1,2,1,64,2,0,28715.4166666667
2,1,2,1,64,6,0,3165.66666666667
2,1,2,1,65,2,0,32717.75
2,1,2,1,65,6,0,3429.58333333333
2,1,2,1,66,2,0,32885.3333333333
2,1,2,1,66,6,0,3583.08333333333
2,1,2,1,67,2,0,37601.0833333333
2,1,2,1,67,6,0,3890.75
2,1,2,1,68,2,0,25074.0
2,1,2,1,68,6,0,2857.83333333333
2,1,2,1,69,2,0,28568.4166666667
2,1,2,1,69,3,0,1621.91666666667
2,1,2,1,69,5,0,8394.08333333333
2,1,2,1,69,6,0,2958.25
2,1,2,1,70,2,0,28439.8333333333
2,1,2,1,70,3,0,1565.91666666667
2,1,2,1,70,5,0,8681.33333333333
2,1,2,1,70,6,0,3067.08333333333
2,1,2,1,71,2,0,33140.5833333333
2,1,2,1,71,3,0,1531.08333333333
2,1,2,1,71,5,0,8412.41666666667
2,1,2,1,71,6,0,3482.0
2,1,2,1,72,2,0,30985.5833333333
2,1,2,1,72,3,0,1497.91666666667
2,1,2,1,72,5,0,8523.08333333333
2,1,2,1,72,6,0,3339.58333333333
2,1,2,1,73,2,0,35913.5833333333
2,1,2,1,73,3,0,1333.91666666667
2,1,2,1,73,5,0,8370.75
2,1,2,1,73,6,0,3627.16666666667
2,1,2,1,74,2,0,34507.4166666667
2,1,2,1,74,3,0,1544.66666666667
2,1,2,1,74,5,0,8782.08333333333
2,1,2,1,74,6,0,3690.33333333333
2,1,2,1,75,2,0,39183.25
2,1,2,1,75,3,0,1412.16666666667
2,1,2,1,75,5,0,8354.75
2,1,2,1,75,6,0,4084.58333333333
2,1,2,1,76,2,0,26510.5833333333
2,1,2,1,76,3,0,1571.5
2,1,2,1,76,5,0,8483.75
2,1,2,1,76,6,0,2987.5
2,1,2,1,77,2,0,31579.1666666667
2,1,2,1,77,3,0,1305.5
2,1,2,1,77,5,0,8498.58333333333
2,1,2,1,77,6,0,3395.5
2,1,2,1,78,2,0,30459.6666666667
2,1,2,1,78,3,0,1524.83333333333
2,1,2,1,78,5,0,8561.08333333333
2,1,2,1,78,6,0,3289.0
2,1,2,1,79,2,0,36146.6666666667
2,1,2,1,79,3,0,1464.5
2,1,2,1,79,5,0,8499.16666666667
2,1,2,1,79,6,0,3667.66666666667
2,1,2,1,80,2,0,7014.58333333333
2,1,2,1,80,2,1,7174.25
2,1,2,1,80,2,2,34963.3333333333
2,1,2,1,80,2,3,36701.4166666667
2,1,2,1,80,2,4,33539.25
2,1,2,1,80,3,0,113.0
2,1,2,1,80,3,1,117.583333333333
2,1,2,1,80,3,2,1460.66666666667
2,1,2,1,80,3,3,1456.16666666667
2,1,2,1,80,3,4,1558.91666666667
2,1,2,1,80,5,0,8380.25
2,1,2,1,80,6,0,788.5
2,1,2,1,80,6,1,812.583333333333
2,1,2,1,80,6,2,3810.08333333333
2,1,2,1,80,6,3,3711.58333333333
2,1,2,1,80,6,4,3471.08333333333
2,1,2,1,81,5,0,8214.25
2,1,2,1,82,5,0,8497.66666666667
2,1,2,1,83,5,0,8228.91666666667
2,1,2,1,84,5,0,8498.66666666667
2,1,2,1,85,5,0,8122.41666666667
2,1,2,1,86,5,0,8572.58333333333
2,1,2,1,87,5,0,8308.0
2,1,2,1,88,5,0,8415.58333333333
2,1,2,1,89,5,0,8359.08333333333
2,1,2,1,90,5,0,80.0
2,1,2,1,90,5,1,1391.75
2,1,2,1,90,5,2,10032.3333333333
2,1,2,1,90,5,3,9084.66666666667
2,1,2,1,90,5,4,79.5833333333333
2,2,2,0,59,1,0,14748.1666666667
2,2,2,0,59,2,0,33163.8333333333
2,2,2,0,59,4,0,922.0
2,2,2,0,59,6,0,1540.29166666667
2,2,2,0,60,1,0,10433.75
2,2,2,0,60,2,0,23042.4166666667
2,2,2,0,60,4,0,811.083333333333
2,2,2,0,60,6,0,1051.91666666667
2,2,2,0,61,1,0,11982.0
2,2,2,0,61,2,0,26609.2916666667
2,2,2,0,61,4,0,875.666666666667
2,2,2,0,61,6,0,1100.08333333333
2,2,2,0,62,1,0,11697.75
2,2,2,0,62,2,0,25565.75
2,2,2,0,62,4,0,836.916666666667
2,2,2,0,62,6,0,1090.54166666667
2,2,2,0,63,1,0,12834.0833333333
2,2,2,0,63,2,0,27743.0
2,2,2,0,63,4,0,888.916666666667
2,2,2,0,63,6,0,1104.95833333333
2,2,2,0,64,1,0,9322.08333333333
2,2,2,0,64,2,0,20705.6666666667
2,2,2,0,64,4,0,666.0
2,2,2,0,64,6,0,1060.75
2,2,2,0,65,1,0,11026.9166666667
2,2,2,0,65,2,0,24777.4583333333
2,2,2,0,65,4,0,757.416666666667
2,2,2,0,65,6,0,1110.375
2,2,2,0,66,1,0,10886.5
2,2,2,0,66,2,0,23904.125
2,2,2,0,66,4,0,726.583333333333
2,2,2,0,66,6,0,1149.83333333333
2,2,2,0,67,1,0,12782.75
2,2,2,0,67,2,0,28080.0
2,2,2,0,67,4,0,820.416666666667
2,2,2,0,67,6,0,1332.70833333333
2,2,2,0,68,1,0,8944.5
2,2,2,0,68,2,0,18005.5833333333
2,2,2,0,68,4,0,681.25
2,2,2,0,68,6,0,938.875
2,2,2,0,69,1,0,10370.5
2,2,2,0,69,2,0,21278.3333333333
2,2,2,0,69,3,0,405.708333333333
2,2,2,0,69,4,0,766.083333333333
2,2,2,0,69,6,0,981.916666666667
2,2,2,0,70,1,0,9982.58333333333
2,2,2,0,70,2,0,20737.0416666667
2,2,2,0,70,3,0,436.125
2,2,2,0,70,4,0,376.25
2,2,2,0,70,4,1,809.083333333333
2,2,2,0,70,4,2,425.333333333333
2,2,2,0,70,4,3,833.25
2,2,2,0,70,6,0,1035.45833333333
2,2,2,0,71,1,0,11735.5
2,2,2,0,71,2,0,24188.0416666667
2,2,2,0,71,3,0,415.208333333333
2,2,2,0,71,6,0,1168.04166666667
2,2,2,0,72,1,0,10504.3333333333
2,2,2,0,72,2,0,22835.3333333333
2,2,2,0,72,3,0,419.375
2,2,2,0,72,6,0,1103.75
2,2,2,0,73,1,0,12757.4166666667
2,2,2,0,73,2,0,27327.0416666667
2,2,2,0,73,3,0,379.416666666667
2,2,2,0,73,6,0,1257.125
2,2,2,0,74,1,0,12222.25
2,2,2,0,74,2,0,25621.875
2,2,2,0,74,3,0,427.875
2,2,2,0,74,6,0,1195.16666666667
2,2,2,0,75,1,0,14429.25
2,2,2,0,75,2,0,29918.3333333333
2,2,2,0,75,3,0,391.291666666667
2,2,2,0,75,6,0,1431.375
2,2,2,0,76,1,0,9703.75
2,2,2,0,76,2,0,19022.8333333333
2,2,2,0,76,3,0,431.708333333333
2,2,2,0,76,6,0,1012.79166666667
2,2,2,0,77,1,0,11617.25
2,2,2,0,77,2,0,23229.0
2,2,2,0,77,3,0,391.833333333333
2,2,2,0,77,6,0,1109.5
2,2,2,0,78,1,0,11085.5833333333
2,2,2,0,78,2,0,22187.9583333333
2,2,2,0,78,3,0,424.875
2,2,2,0,78,6,0,1056.20833333333
2,2,2,0,79,1,0,13463.0833333333
2,2,2,0,79,2,0,26623.9166666667
2,2,2,0,79,3,0,396.75
2,2,2,0,79,6,0,1240.91666666667
2,2,2,0,80,1,0,10028.0
2,2,2,0,80,2,0,5081.08333333333
2,2,2,0,80,2,1,5542.70833333333
2,2,2,0,80,2,2,26016.5833333333
2,2,2,0,80,2,3,27359.4166666667
2,2,2,0,80,3,0,87.7083333333333
2,2,2,0,80,3,1,89.6666666666667
2,2,2,0,80,3,2,426.791666666667
2,2,2,0,80,3,3,423.375
2,2,2,0,80,6,0,303.541666666667
2,2,2,0,80,6,1,309.791666666667
2,2,2,0,80,6,2,1233.70833333333
2,2,2,0,80,6,3,1262.25
2,2,2,0,81,1,0,12340.75
2,2,2,0,82,1,0,12061.5833333333
2,2,2,0,83,1,0,13873.0
2,2,2,0,84,1,0,9268.41666666667
2,2,2,0,85,1,0,11154.0
2,2,2,0,86,1,0,10856.75
2,2,2,0,87,1,0,12635.25
2,2,2,0,88,1,0,11153.5833333333
2,2,2,0,89,1,0,12801.3333333333
2,2,2,0,90,1,0,230.833333333333
2,2,2,0,90,1,1,5558.58333333333
2,2,2,0,90,1,2,243.666666666667
2,2,2,0,90,1,3,14637.8333333333
2,2,2,1,59,1,0,22291.5
2,2,2,1,59,2,0,44130.5208333333
2,2,2,1,59,4,0,1197.20833333333
2,2,2,1,59,6,0,3525.97916666667
2,2,2,1,60,1,0,17613.75
2,2,2,1,60,2,0,31169.3125
2,2,2,1,60,4,0,1132.58333333333
2,2,2,1,60,6,0,2588.60416666667
2,2,2,1,61,1,0,18322.2083333333
2,2,2,1,61,2,0,34348.7916666667
2,2,2,1,61,4,0,1173.08333333333
2,2,2,1,61,6,0,2594.5625
2,2,2,1,62,1,0,18136.9583333333
2,2,2,1,62,2,0,33680.8541666667
2,2,2,1,62,4,0,1216.375
2,2,2,1,62,6,0,2680.625
2,2,2,1,63,1,0,18951.6666666667
2,2,2,1,63,2,0,35216.1041666667
2,2,2,1,63,4,0,1187.91666666667
2,2,2,1,63,6,0,2597.1875
2,2,2,1,64,1,0,15883.3333333333
2,2,2,1,64,2,0,29650.3958333333
2,2,2,1,64,4,0,1022.70833333333
2,2,2,1,64,6,0,2532.5625
2,2,2,1,65,1,0,17781.9583333333
2,2,2,1,65,2,0,34141.375
2,2,2,1,65,4,0,1085.91666666667
2,2,2,1,65,6,0,2731.25
2,2,2,1,66,1,0,17875.7916666667
2,2,2,1,66,2,0,33591.5208333333
2,2,2,1,66,4,0,1085.41666666667
2,2,2,1,66,6,0,2796.0625
2,2,2,1,67,1,0,19775.4583333333
2,2,2,1,67,2,0,38630.1458333333
2,2,2,1,67,4,0,1133.16666666667
2,2,2,1,67,6,0,3128.375
2,2,2,1,68,1,0,15346.4166666667
2,2,2,1,68,2,0,25870.5416666667
2,2,2,1,68,4,0,1033.5
2,2,2,1,68,6,0,2300.70833333333
2,2,2,1,69,1,0,16949.7083333333
2,2,2,1,69,2,0,29665.3958333333
2,2,2,1,69,3,0,1764.41666666667
2,2,2,1,69,4,0,1096.95833333333
2,2,2,1,69,5,0,7337.4375
2,2,2,1,69,6,0,2414.1875
2,2,2,1,70,1,0,16981.875
2,2,2,1,70,2,0,29255.0208333333
2,2,2,1,70,3,0,1713.66666666667
2,2,2,1,70,4,0,485.333333333333
2,2,2,1,70,4,1,1176.70833333333
2,2,2,1,70,4,2,534.291666666667
2,2,2,1,70,4,3,1168.66666666667
2,2,2,1,70,4,4,1150.58333333333
2,2,2,1,70,5,0,7495.79166666667
2,2,2,1,70,6,0,2435.10416666667
2,2,2,1,71,1,0,18651.7916666667
2,2,2,1,71,2,0,33973.8125
2,2,2,1,71,3,0,1641.41666666667
2,2,2,1,71,5,0,7383.66666666667
2,2,2,1,71,6,0,2783.39583333333
2,2,2,1,72,1,0,17699.5416666667
2,2,2,1,72,2,0,31886.7708333333
2,2,2,1,72,3,0,1622.41666666667
2,2,2,1,72,5,0,7410.22916666667
2,2,2,1,72,6,0,2704.58333333333
2,2,2,1,73,1,0,19987.1666666667
2,2,2,1,73,2,0,37423.2916666667
2,2,2,1,73,3,0,1421.5
2,2,2,1,73,5,0,7266.52083333333
2,2,2,1,73,6,0,3036.72916666667
2,2,2,1,74,1,0,19541.8333333333
2,2,2,1,74,2,0,35631.75
2,2,2,1,74,3,0,1626.14583333333
2,2,2,1,74,5,0,7416.75
2,2,2,1,74,6,0,2920.22916666667
2,2,2,1,75,1,0,21973.0833333333
2,2,2,1,75,2,0,40673.1041666667
2,2,2,1,75,3,0,1561.41666666667
2,2,2,1,75,5,0,7293.27083333333
2,2,2,1,75,6,0,3277.35416666667
2,2,2,1,76,1,0,16215.625
2,2,2,1,76,2,0,27507.5208333333
2,2,2,1,76,3,0,1708.25
2,2,2,1,76,5,0,7321.0
2,2,2,1,76,6,0,2416.27083333333
2,2,2,1,77,1,0,18192.25
2,2,2,1,77,2,0,32427.9166666667
2,2,2,1,77,3,0,1510.04166666667
2,2,2,1,77,5,0,7256.79166666667
2,2,2,1,77,6,0,2638.91666666667
2,2,2,1,78,1,0,18093.9166666667
2,2,2,1,78,2,0,31308.3125
2,2,2,1,78,3,0,1745.91666666667
2,2,2,1,78,5,0,7469.58333333333
2,2,2,1,78,6,0,2579.6875
2,2,2,1,79,1,0,20010.8333333333
2,2,2,1,79,2,0,36975.9791666667
2,2,2,1,79,3,0,1651.375
2,2,2,1,79,5,0,7374.6875
2,2,2,1,79,6,0,2968.83333333333
2,2,2,1,80,1,0,17135.5416666667
2,2,2,1,80,2,0,7150.85416666667
2,2,2,1,80,2,1,7453.5625
2,2,2,1,80,2,2,36147.1458333333
2,2,2,1,80,2,3,37931.75
2,2,2,1,80,2,4,34097.2916666667
2,2,2,1,80,3,0,131.854166666667
2,2,2,1,80,3,1,127.0625
2,2,2,1,80,3,2,1650.33333333333
2,2,2,1,80,3,3,1520.16666666667
2,2,2,1,80,3,4,1726.70833333333
2,2,2,1,80,5,0,7354.375
2,2,2,1,80,6,0,653.229166666667
2,2,2,1,80,6,1,683.604166666667
2,2,2,1,80,6,2,2982.25
2,2,2,1,80,6,3,3077.64583333333
2,2,2,1,80,6,4,2810.6875
2,2,2,1,81,1,0,19010.7916666667
2,2,2,1,81,5,0,7129.70833333333
2,2,2,1,82,1,0,19555.5416666667
2,2,2,1,82,5,0,7332.95833333333
2,2,2,1,83,1,0,21271.1666666667
2,2,2,1,83,5,0,7117.4375
2,2,2,1,84,1,0,15953.1666666667
2,2,2,1,84,5,0,7283.27083333333
2,2,2,1,85,1,0,17470.5416666667
2,2,2,1,85,5,0,7043.9375
2,2,2,1,86,1,0,17668.4166666667
2,2,2,1,86,5,0,7397.625
2,2,2,1,87,1,0,19462.2083333333
2,2,2,1,87,5,0,7221.85416666667
2,2,2,1,88,1,0,18201.5416666667
2,2,2,1,88,5,0,7256.0
2,2,2,1,89,1,0,19728.1666666667
2,2,2,1,89,5,0,7156.58333333333
2,2,2,1,90,1,0,312.166666666667
2,2,2,1,90,1,1,8841.125
2,2,2,1,90,1,2,333.5
2,2,2,1,90,1,3,23464.6666666667
2,2,2,1,90,1,4,20901.0
2,2,2,1,90,5,0,82.0208333333333
2,2,2,1,90,5,1,1217.52083333333
2,2,2,1,90,5,2,8721.14583333333
2,2,2,1,90,5,3,7825.625
2,2,2,1,90,5,4,78.7916666666667
2,3,2,0,59,1,0,16739.0416666667
2,3,2,0,59,2,0,39670.0416666667
2,3,2,0,59,4,0,842.958333333333
2,3,2,0,59,6,0,1327.20833333333
2,3,2,0,60,1,0,11861.0
2,3,2,0,60,2,0,27674.0833333333
2,3,2,0,60,4,0,773.25
2,3,2,0,60,6,0,903.708333333333
2,3,2,0,61,1,0,13457.7083333333
2,3,2,0,61,2,0,31959.4583333333
2,3,2,0,61,4,0,803.083333333333
2,3,2,0,61,6,0,943.583333333333
2,3,2,0,62,1,0,13017.0833333333
2,3,2,0,62,2,0,30492.9583333333
2,3,2,0,62,4,0,780.416666666667
2,3,2,0,62,6,0,930.5
2,3,2,0,63,1,0,14320.5833333333
2,3,2,0,63,2,0,32823.0
2,3,2,0,63,4,0,829.958333333333
2,3,2,0,63,6,0,972.75
2,3,2,0,64,1,0,10384.0833333333
2,3,2,0,64,2,0,24532.5416666667
2,3,2,0,64,4,0,635.291666666667
2,3,2,0,64,6,0,908.958333333333
2,3,2,0,65,1,0,12516.625
2,3,2,0,65,2,0,29321.5
2,3,2,0,65,4,0,690.708333333333
2,3,2,0,65,6,0,965.833333333333
2,3,2,0,66,1,0,12204.7916666667
2,3,2,0,66,2,0,28473.4166666667
2,3,2,0,66,4,0,692.333333333333
2,3,2,0,66,6,0,999.791666666667
2,3,2,0,67,1,0,14441.75
2,3,2,0,67,2,0,33097.2083333333
2,3,2,0,67,4,0,743.041666666667
2,3,2,0,67,6,0,1141.08333333333
2,3,2,0,68,1,0,10022.3333333333
2,3,2,0,68,2,0,21373.375
2,3,2,0,68,4,0,640.041666666667
2,3,2,0,68,6,0,835.208333333333
2,3,2,0,69,1,0,11647.5
2,3,2,0,69,2,0,25577.6666666667
2,3,2,0,69,3,0,457.625
2,3,2,0,69,4,0,717.5
2,3,2,0,69,6,0,864.166666666667
2,3,2,0,70,1,0,11435.2916666667
2,3,2,0,70,2,0,24643.9166666667
2,3,2,0,70,3,0,447.208333333333
2,3,2,0,70,4,0,357.708333333333
2,3,2,0,70,4,1,785.083333333333
2,3,2,0,70,4,2,394.0
2,3,2,0,70,4,3,775.625
2,3,2,0,70,6,0,893.666666666667
2,3,2,0,71,1,0,13227.2083333333
2,3,2,0,71,2,0,29357.125
2,3,2,0,71,3,0,420.0
2,3,2,0,71,6,0,1013.66666666667
2,3,2,0,72,1,0,11892.4166666667
2,3,2,0,72,2,0,27071.3333333333
2,3,2,0,72,3,0,430.041666666667
2,3,2,0,72,6,0,968.041666666667
2,3,2,0,73,1,0,14420.0
2,3,2,0,73,2,0,32429.625
2,3,2,0,73,3,0,410.208333333333
2,3,2,0,73,6,0,1094.125
2,3,2,0,74,1,0,13831.8333333333
2,3,2,0,74,2,0,30254.0
2,3,2,0,74,3,0,446.583333333333
2,3,2,0,74,6,0,1022.75
2,3,2,0,75,1,0,16537.9583333333
2,3,2,0,75,2,0,35396.9583333333
2,3,2,0,75,3,0,412.916666666667
2,3,2,0,75,6,0,1230.04166666667
2,3,2,0,76,1,0,10863.75
2,3,2,0,76,2,0,22905.7916666667
2,3,2,0,76,3,0,434.583333333333
2,3,2,0,76,6,0,873.875
2,3,2,0,77,1,0,13256.2916666667
2,3,2,0,77,2,0,27642.2083333333
2,3,2,0,77,3,0,409.833333333333
2,3,2,0,77,6,0,957.416666666667
2,3,2,0,78,1,0,12714.4583333333
2,3,2,0,78,2,0,26386.0
2,3,2,0,78,3,0,452.541666666667
2,3,2,0,78,6,0,955.041666666667
2,3,2,0,79,1,0,14992.7083333333
2,3,2,0,79,2,0,31569.7083333333
2,3,2,0,79,3,0,425.375
2,3,2,0,79,6,0,1097.95833333333
2,3,2,0,80,1,0,11213.2083333333
2,3,2,0,80,2,0,6111.83333333333
2,3,2,0,80,2,1,6569.08333333333
2,3,2,0,80,2,2,30916.5416666667
2,3,2,0,80,2,3,32575.2083333333
2,3,2,0,80,3,0,91.5416666666667
2,3,2,0,80,3,1,84.8333333333333
2,3,2,0,80,3,2,442.75
2,3,2,0,80,3,3,447.416666666667
2,3,2,0,80,6,0,272.458333333333
2,3,2,0,80,6,1,271.666666666667
2,3,2,0,80,6,2,1069.95833333333
2,3,2,0,80,6,3,1118.79166666667
2,3,2,0,81,1,0,13723.625
2,3,2,0,82,1,0,13424.25
2,3,2,0,83,1,0,15716.8333333333
2,3,2,0,84,1,0,10541.5416666667
2,3,2,0,85,1,0,12536.2083333333
2,3,2,0,86,1,0,12223.1666666667
2,3,2,0,87,1,0,14295.25
2,3,2,0,88,1,0,12440.375
2,3,2,0,89,1,0,14557.25
2,3,2,0,90,1,0,249.666666666667
2,3,2,0,90,1,1,6126.125
2,3,2,0,90,1,2,272.291666666667
2,3,2,0,90,1,3,16347.2083333333
2,3,2,1,59,1,0,19136.6333333333
2,3,2,1,59,2,0,41602.1666666667
2,3,2,1,59,4,0,1290.48333333333
2,3,2,1,59,6,0,4739.6
2,3,2,1,60,1,0,15103.5583333333
2,3,2,1,60,2,0,29371.2666666667
2,3,2,1,60,4,0,1222.025
2,3,2,1,60,6,0,3536.18333333333
2,3,2,1,61,1,0,15871.1
2,3,2,1,61,2,0,32508.3666666667
2,3,2,1,61,4,0,1259.89166666667
2,3,2,1,61,6,0,3492.425
2,3,2,1,62,1,0,15812.3166666667
2,3,2,1,62,2,0,32002.175
2,3,2,1,62,4,0,1244.69166666667
2,3,2,1,62,6,0,3671.95833333333
2,3,2,1,63,1,0,16262.9666666667
2,3,2,1,63,2,0,33387.8083333333
2,3,2,1,63,4,0,1237.49166666667
2,3,2,1,63,6,0,3537.38333333333
2,3,2,1,64,1,0,13685.8666666667
2,3,2,1,64,2,0,27994.025
2,3,2,1,64,4,0,1070.53333333333
2,3,2,1,64,6,0,3491.35
2,3,2,1,65,1,0,15329.4833333333
2,3,2,1,65,2,0,32508.4166666667
2,3,2,1,65,4,0,1133.9
2,3,2,1,65,6,0,3687.50833333333
2,3,2,1,66,1,0,15472.7416666667
2,3,2,1,66,2,0,31910.6416666667
2,3,2,1,66,4,0,1118.9
2,3,2,1,66,6,0,3769.2
2,3,2,1,67,1,0,17152.6166666667
2,3,2,1,67,2,0,36755.1
2,3,2,1,67,4,0,1193.68333333333
2,3,2,1,67,6,0,4251.225
2,3,2,1,68,1,0,13173.7833333333
2,3,2,1,68,2,0,24726.775
2,3,2,1,68,4,0,1087.6
2,3,2,1,68,6,0,3200.975
2,3,2,1,69,1,0,14430.0416666667
2,3,2,1,69,2,0,28220.525
2,3,2,1,69,3,0,1715.25
2,3,2,1,69,4,0,1159.31666666667
2,3,2,1,69,5,0,7877.80833333333
2,3,2,1,69,6,0,3274.65
2,3,2,1,70,1,0,14385.0916666667
2,3,2,1,70,2,0,27941.7
2,3,2,1,70,3,0,1696.575
2,3,2,1,70,4,0,527.166666666667
2,3,2,1,70,4,1,1237.525
2,3,2,1,70,4,2,583.25
2,3,2,1,70,4,3,1266.425
2,3,2,1,70,4,4,1243.83333333333
2,3,2,1,70,5,0,8058.69166666667
2,3,2,1,70,6,0,3312.725
2,3,2,1,71,1,0,15919.775
2,3,2,1,71,2,0,32261.175
2,3,2,1,71,3,0,1663.95
2,3,2,1,71,5,0,7922.225
2,3,2,1,71,6,0,3734.4
2,3,2,1,72,1,0,15199.9166666667
2,3,2,1,72,2,0,30267.55
2,3,2,1,72,3,0,1622.39166666667
2,3,2,1,72,5,0,7953.23333333333
2,3,2,1,72,6,0,3604.44166666667
2,3,2,1,73,1,0,17220.925
2,3,2,1,73,2,0,35555.8083333333
2,3,2,1,73,3,0,1445.50833333333
2,3,2,1,73,5,0,7801.85833333333
2,3,2,1,73,6,0,4094.0
2,3,2,1,74,1,0,16957.4166666667
2,3,2,1,74,2,0,33842.8333333333
2,3,2,1,74,3,0,1632.35
2,3,2,1,74,5,0,8071.125
2,3,2,1,74,6,0,4024.11666666667
2,3,2,1,75,1,0,18952.5333333333
2,3,2,1,75,2,0,38762.8416666667
2,3,2,1,75,3,0,1540.6
2,3,2,1,75,5,0,7875.50833333333
2,3,2,1,75,6,0,4453.78333333333
2,3,2,1,76,1,0,14045.3666666667
2,3,2,1,76,2,0,26250.525
2,3,2,1,76,3,0,1667.4
2,3,2,1,76,5,0,7937.20833333333
2,3,2,1,76,6,0,3242.74166666667
2,3,2,1,77,1,0,15737.0916666667
2,3,2,1,77,2,0,30761.5666666667
2,3,2,1,77,3,0,1461.9
2,3,2,1,77,5,0,7835.65
2,3,2,1,77,6,0,3556.11666666667
2,3,2,1,78,1,0,15636.925
2,3,2,1,78,2,0,29784.7666666667
2,3,2,1,78,3,0,1702.175
2,3,2,1,78,5,0,8030.86666666667
2,3,2,1,78,6,0,3555.66666666667
2,3,2,1,79,1,0,17386.6333333333
2,3,2,1,79,2,0,34993.5166666667
2,3,2,1,79,3,0,1619.99166666667
2,3,2,1,79,5,0,7956.01666666667
2,3,2,1,79,6,0,4051.89166666667
2,3,2,1,80,1,0,14721.075
2,3,2,1,80,2,0,6826.71666666667
2,3,2,1,80,2,1,7162.425
2,3,2,1,80,2,2,34314.5666666667
2,3,2,1,80,2,3,36101.85
2,3,2,1,80,2,4,32349.9416666667
2,3,2,1,80,3,0,125.516666666667
2,3,2,1,80,3,1,123.25
2,3,2,1,80,3,2,1601.30833333333
2,3,2,1,80,3,3,1525.90833333333
2,3,2,1,80,3,4,1725.80833333333
2,3,2,1,80,5,0,7918.48333333333
2,3,2,1,80,6,0,879.675
2,3,2,1,80,6,1,914.875
2,3,2,1,80,6,2,3993.55
2,3,2,1,80,6,3,4093.28333333333
2,3,2,1,80,6,4,3755.75833333333
2,3,2,1,81,1,0,16501.1166666667
2,3,2,1,81,5,0,7633.04166666667
2,3,2,1,82,1,0,16757.5916666667
2,3,2,1,82,5,0,7966.075
2,3,2,1,83,1,0,18241.95
2,3,2,1,83,5,0,7776.91666666667
2,3,2,1,84,1,0,13713.0333333333
2,3,2,1,84,5,0,7921.88333333333
2,3,2,1,85,1,0,15027.5666666667
2,3,2,1,85,5,0,7660.59166666667
2,3,2,1,86,1,0,15241.5333333333
2,3,2,1,86,5,0,7981.43333333333
2,3,2,1,87,1,0,16924.2583333333
2,3,2,1,87,5,0,7745.39166666667
2,3,2,1,88,1,0,15732.175
2,3,2,1,88,5,0,7837.23333333333
2,3,2,1,89,1,0,16876.1583333333
2,3,2,1,89,5,0,7748.01666666667
2,3,2,1,90,1,0,279.65
2,3,2,1,90,1,1,7642.65
2,3,2,1,90,1,2,290.65
2,3,2,1,90,1,3,20243.15
2,3,2,1,90,1,4,17944.7166666667
2,3,2,1,90,5,0,82.425
2,3,2,1,90,5,1,1316.98333333333
2,3,2,1,90,5,2,9365.45
2,3,2,1,90,5,3,8474.025
2,3,2,1,90,5,4,82.0083333333333
